"ID","Registry name","Fog Color","Sky Color","Water Color","Water Fog Color","Grass Color","Foliage Color"
0,"minecraft:ocean","0x00C0D8FF (12638463)","0x007BA4FF (8103167)","0x003F76E4 (4159204)","0x00050533 (329011)","0xFF8EB971 (  -7423631)","0xFF71A74D (  -9328819)"
1,"minecraft:plains","0x00C0D8FF (12638463)","0x0078A7FF (7907327)","0x003F76E4 (4159204)","0x00050533 (329011)","0xFF91BD59 (  -7226023)","0xFF77AB2F (  -8934609)"
2,"minecraft:desert","0x00C0D8FF (12638463)","0x006EB1FF (7254527)","0x003F76E4 (4159204)","0x00050533 (329011)","0xFFBFB755 (  -4212907)","0xFFAEA42A (  -5331926)"
3,"minecraft:mountains","0x00C0D8FF (12638463)","0x007DA2FF (8233727)","0x003F76E4 (4159204)","0x00050533 (329011)","0xFF8AB689 (  -7686519)","0xFF6DA36B (  -9591957)"
4,"minecraft:forest","0x00C0D8FF (12638463)","0x0079A6FF (7972607)","0x003F76E4 (4159204)","0x00050533 (329011)","0xFF79C05A (  -8798118)","0xFF59AE30 ( -10899920)"
5,"minecraft:taiga","0x00C0D8FF (12638463)","0x007DA3FF (8233983)","0x003F76E4 (4159204)","0x00050533 (329011)","0xFF86B783 (  -7948413)","0xFF68A464 (  -9919388)"
6,"minecraft:swamp","0x00C0D8FF (12638463)","0x0078A7FF (7907327)","0x00617B64 (6388580)","0x00232317 (2302743)","0x006A7039 (   6975545)","0x006A7039 (   6975545)"
7,"minecraft:river","0x00C0D8FF (12638463)","0x007BA4FF (8103167)","0x003F76E4 (4159204)","0x00050533 (329011)","0xFF8EB971 (  -7423631)","0xFF71A74D (  -9328819)"
8,"minecraft:nether_wastes","0x00330808 (3344392)","0x006EB1FF (7254527)","0x003F76E4 (4159204)","0x00050533 (329011)","0xFFBFB755 (  -4212907)","0xFFAEA42A (  -5331926)"
9,"minecraft:the_end","0x00A080A0 (10518688)","0x00000000 (0)","0x003F76E4 (4159204)","0x00050533 (329011)","0xFF8EB971 (  -7423631)","0xFF71A74D (  -9328819)"
10,"minecraft:frozen_ocean","0x00C0D8FF (12638463)","0x007FA1FF (8364543)","0x003938C9 (3750089)","0x00050533 (329011)","0xFF80B497 (  -8342377)","0xFF60A17B ( -10444421)"
11,"minecraft:frozen_river","0x00C0D8FF (12638463)","0x007FA1FF (8364543)","0x003938C9 (3750089)","0x00050533 (329011)","0xFF80B497 (  -8342377)","0xFF60A17B ( -10444421)"
12,"minecraft:snowy_tundra","0x00C0D8FF (12638463)","0x007FA1FF (8364543)","0x003F76E4 (4159204)","0x00050533 (329011)","0xFF80B497 (  -8342377)","0xFF60A17B ( -10444421)"
13,"minecraft:snowy_mountains","0x00C0D8FF (12638463)","0x007FA1FF (8364543)","0x003F76E4 (4159204)","0x00050533 (329011)","0xFF80B497 (  -8342377)","0xFF60A17B ( -10444421)"
14,"minecraft:mushroom_fields","0x00C0D8FF (12638463)","0x0077A8FF (7842047)","0x003F76E4 (4159204)","0x00050533 (329011)","0xFF55C93F ( -11155137)","0xFF2BBB0F ( -13911281)"
15,"minecraft:mushroom_field_shore","0x00C0D8FF (12638463)","0x0077A8FF (7842047)","0x003F76E4 (4159204)","0x00050533 (329011)","0xFF55C93F ( -11155137)","0xFF2BBB0F ( -13911281)"
16,"minecraft:beach","0x00C0D8FF (12638463)","0x0078A7FF (7907327)","0x003F76E4 (4159204)","0x00050533 (329011)","0xFF91BD59 (  -7226023)","0xFF77AB2F (  -8934609)"
17,"minecraft:desert_hills","0x00C0D8FF (12638463)","0x006EB1FF (7254527)","0x003F76E4 (4159204)","0x00050533 (329011)","0xFFBFB755 (  -4212907)","0xFFAEA42A (  -5331926)"
18,"minecraft:wooded_hills","0x00C0D8FF (12638463)","0x0079A6FF (7972607)","0x003F76E4 (4159204)","0x00050533 (329011)","0xFF79C05A (  -8798118)","0xFF59AE30 ( -10899920)"
19,"minecraft:taiga_hills","0x00C0D8FF (12638463)","0x007DA3FF (8233983)","0x003F76E4 (4159204)","0x00050533 (329011)","0xFF86B783 (  -7948413)","0xFF68A464 (  -9919388)"
20,"minecraft:mountain_edge","0x00C0D8FF (12638463)","0x007DA2FF (8233727)","0x003F76E4 (4159204)","0x00050533 (329011)","0xFF8AB689 (  -7686519)","0xFF6DA36B (  -9591957)"
21,"minecraft:jungle","0x00C0D8FF (12638463)","0x0077A8FF (7842047)","0x003F76E4 (4159204)","0x00050533 (329011)","0xFF59C93C ( -10892996)","0xFF30BB0B ( -13583605)"
22,"minecraft:jungle_hills","0x00C0D8FF (12638463)","0x0077A8FF (7842047)","0x003F76E4 (4159204)","0x00050533 (329011)","0xFF59C93C ( -10892996)","0xFF30BB0B ( -13583605)"
23,"minecraft:jungle_edge","0x00C0D8FF (12638463)","0x0077A8FF (7842047)","0x003F76E4 (4159204)","0x00050533 (329011)","0xFF64C73F ( -10172609)","0xFF3EB80F ( -12666865)"
24,"minecraft:deep_ocean","0x00C0D8FF (12638463)","0x007BA4FF (8103167)","0x003F76E4 (4159204)","0x00050533 (329011)","0xFF8EB971 (  -7423631)","0xFF71A74D (  -9328819)"
25,"minecraft:stone_shore","0x00C0D8FF (12638463)","0x007DA2FF (8233727)","0x003F76E4 (4159204)","0x00050533 (329011)","0xFF8AB689 (  -7686519)","0xFF6DA36B (  -9591957)"
26,"minecraft:snowy_beach","0x00C0D8FF (12638463)","0x007FA1FF (8364543)","0x003D57D6 (4020182)","0x00050533 (329011)","0xFF83B593 (  -8145517)","0xFF64A278 ( -10182024)"
27,"minecraft:birch_forest","0x00C0D8FF (12638463)","0x007AA5FF (8037887)","0x003F76E4 (4159204)","0x00050533 (329011)","0xFF88BB66 (  -7816346)","0xFF6BA940 (  -9721536)"
28,"minecraft:birch_forest_hills","0x00C0D8FF (12638463)","0x007AA5FF (8037887)","0x003F76E4 (4159204)","0x00050533 (329011)","0xFF88BB66 (  -7816346)","0xFF6BA940 (  -9721536)"
29,"minecraft:dark_forest","0x00C0D8FF (12638463)","0x0079A6FF (7972607)","0x003F76E4 (4159204)","0x00050533 (329011)","0x00507A32 (   5274162)","0xFF59AE30 ( -10899920)"
30,"minecraft:snowy_taiga","0x00C0D8FF (12638463)","0x00839EFF (8625919)","0x003D57D6 (4020182)","0x00050533 (329011)","0xFF80B497 (  -8342377)","0xFF60A17B ( -10444421)"
31,"minecraft:snowy_taiga_hills","0x00C0D8FF (12638463)","0x00839EFF (8625919)","0x003D57D6 (4020182)","0x00050533 (329011)","0xFF80B497 (  -8342377)","0xFF60A17B ( -10444421)"
32,"minecraft:giant_tree_taiga","0x00C0D8FF (12638463)","0x007CA3FF (8168447)","0x003F76E4 (4159204)","0x00050533 (329011)","0xFF86B87F (  -7948161)","0xFF68A55F (  -9919137)"
33,"minecraft:giant_tree_taiga_hills","0x00C0D8FF (12638463)","0x007CA3FF (8168447)","0x003F76E4 (4159204)","0x00050533 (329011)","0xFF86B87F (  -7948161)","0xFF68A55F (  -9919137)"
34,"minecraft:wooded_mountains","0x00C0D8FF (12638463)","0x007DA2FF (8233727)","0x003F76E4 (4159204)","0x00050533 (329011)","0xFF8AB689 (  -7686519)","0xFF6DA36B (  -9591957)"
35,"minecraft:savanna","0x00C0D8FF (12638463)","0x0075AAFF (7711487)","0x003F76E4 (4159204)","0x00050533 (329011)","0xFFBFB755 (  -4212907)","0xFFAEA42A (  -5331926)"
36,"minecraft:savanna_plateau","0x00C0D8FF (12638463)","0x0076A8FF (7776511)","0x003F76E4 (4159204)","0x00050533 (329011)","0xFFBFB755 (  -4212907)","0xFFAEA42A (  -5331926)"
37,"minecraft:badlands","0x00C0D8FF (12638463)","0x006EB1FF (7254527)","0x003F76E4 (4159204)","0x00050533 (329011)","0x0090814D (   9470285)","0x009E814D (  10387789)"
38,"minecraft:wooded_badlands_plateau","0x00C0D8FF (12638463)","0x006EB1FF (7254527)","0x003F76E4 (4159204)","0x00050533 (329011)","0x0090814D (   9470285)","0x009E814D (  10387789)"
39,"minecraft:badlands_plateau","0x00C0D8FF (12638463)","0x006EB1FF (7254527)","0x003F76E4 (4159204)","0x00050533 (329011)","0x0090814D (   9470285)","0x009E814D (  10387789)"
40,"minecraft:small_end_islands","0x00A080A0 (10518688)","0x00000000 (0)","0x003F76E4 (4159204)","0x00050533 (329011)","0xFF8EB971 (  -7423631)","0xFF71A74D (  -9328819)"
41,"minecraft:end_midlands","0x00A080A0 (10518688)","0x00000000 (0)","0x003F76E4 (4159204)","0x00050533 (329011)","0xFF8EB971 (  -7423631)","0xFF71A74D (  -9328819)"
42,"minecraft:end_highlands","0x00A080A0 (10518688)","0x00000000 (0)","0x003F76E4 (4159204)","0x00050533 (329011)","0xFF8EB971 (  -7423631)","0xFF71A74D (  -9328819)"
43,"minecraft:end_barrens","0x00A080A0 (10518688)","0x00000000 (0)","0x003F76E4 (4159204)","0x00050533 (329011)","0xFF8EB971 (  -7423631)","0xFF71A74D (  -9328819)"
44,"minecraft:warm_ocean","0x00C0D8FF (12638463)","0x007BA4FF (8103167)","0x0043D5EE (4445678)","0x00041F33 (270131)","0xFF8EB971 (  -7423631)","0xFF71A74D (  -9328819)"
45,"minecraft:lukewarm_ocean","0x00C0D8FF (12638463)","0x007BA4FF (8103167)","0x0045ADF2 (4566514)","0x00041633 (267827)","0xFF8EB971 (  -7423631)","0xFF71A74D (  -9328819)"
46,"minecraft:cold_ocean","0x00C0D8FF (12638463)","0x007BA4FF (8103167)","0x003D57D6 (4020182)","0x00050533 (329011)","0xFF8EB971 (  -7423631)","0xFF71A74D (  -9328819)"
47,"minecraft:deep_warm_ocean","0x00C0D8FF (12638463)","0x007BA4FF (8103167)","0x0043D5EE (4445678)","0x00041F33 (270131)","0xFF8EB971 (  -7423631)","0xFF71A74D (  -9328819)"
48,"minecraft:deep_lukewarm_ocean","0x00C0D8FF (12638463)","0x007BA4FF (8103167)","0x0045ADF2 (4566514)","0x00041633 (267827)","0xFF8EB971 (  -7423631)","0xFF71A74D (  -9328819)"
49,"minecraft:deep_cold_ocean","0x00C0D8FF (12638463)","0x007BA4FF (8103167)","0x003D57D6 (4020182)","0x00050533 (329011)","0xFF8EB971 (  -7423631)","0xFF71A74D (  -9328819)"
50,"minecraft:deep_frozen_ocean","0x00C0D8FF (12638463)","0x007BA4FF (8103167)","0x003938C9 (3750089)","0x00050533 (329011)","0xFF8EB971 (  -7423631)","0xFF71A74D (  -9328819)"
51,"infernalexp:glowstone_canyon","0xFFD37F28 (-2916568)","0x006EB1FF (7254527)","0x00CC9933 (13408563)","0x00996600 (10053120)","0xFFBFB755 (  -4212907)","0xFFAEA42A (  -5331926)"
52,"betterendforge:megalake","0xFFB2D1F8 (-5058056)","0x00000000 (0)","0xFF60A3FF (-10443777)","0xFF60A3FF (-10443777)","0xFF49D2D1 ( -11939119)","0xFF49D2D1 ( -11939119)"
53,"betterendforge:crystal_mountains","0x00A080A0 (10518688)","0x00000000 (0)","0x003F76E4 (4159204)","0x00050533 (329011)","0xFFFF85D3 (    -31277)","0xFFFF85D3 (    -31277)"
54,"betterendforge:foggy_mushroomland","0xFF297AAD (-14058835)","0x00000000 (0)","0xFF77E3FA (-8920070)","0xFF77E3FA (-8920070)","0xFF49D2D1 ( -11939119)","0xFF49D2D1 ( -11939119)"
55,"betterendforge:dust_wastelands","0xFFE2EFA8 (-1904728)","0x00000000 (0)","0xFFC0B483 (-4148093)","0xFFC0B483 (-4148093)","0xFFC5D270 (  -3812752)","0xFFC5D270 (  -3812752)"
56,"betterendforge:chorus_forest","0xFF571A57 (-11068841)","0x00000000 (0)","0xFF491E49 (-11985335)","0xFF491E49 (-11985335)","0xFF7A2D7A (  -8770182)","0xFF7A2D7A (  -8770182)"
57,"betterendforge:shadow_forest","0xFF000000 (-16777216)","0x00000000 (0)","0xFF2A2D50 (-14013104)","0xFF2A2D50 (-14013104)","0xFF2D2D2D ( -13816531)","0xFF2D2D2D ( -13816531)"
58,"betterendforge:blossoming_spires","0xFFF192E5 (-945435)","0x00000000 (0)","0x003F76E4 (4159204)","0x00050533 (329011)","0xFF7A2D7A (  -8770182)","0xFF7A2D7A (  -8770182)"
59,"betterendforge:sulphur_springs","0xFFCFC23E (-3161538)","0x00000000 (0)","0xFF195A9D (-15115619)","0xFF1E413D (-14794435)","0xFFC5D270 (  -3812752)","0xFFC5D270 (  -3812752)"
60,"betterendforge:amber_land","0xFFFFB847 (-18361)","0x00000000 (0)","0x003F76E4 (4159204)","0xFF916C48 (-7246776)","0xFFDB7326 (  -2395354)","0xFFDB7326 (  -2395354)"
61,"betterendforge:umbrella_jungle","0xFF57DFDD (-11018275)","0x00000000 (0)","0xFF77C6FD (-8927491)","0xFF77C6FD (-8927491)","0xFFC5D270 (  -3812752)","0xFF1BB7C2 ( -14960702)"
62,"betterendforge:glowing_grasslands","0xFF63E4F7 (-10230537)","0x00000000 (0)","0xFF5CFAE6 (-10683674)","0xFF5CFAE6 (-10683674)","0xFF49D2D1 ( -11939119)","0xFF49D2D1 ( -11939119)"
63,"betterendforge:dragon_graveyards","0xFFF42E4F (-774577)","0x00000000 (0)","0x003F76E4 (4159204)","0xFFCB3BA7 (-3458137)","0xFFC5D270 (  -3812752)","0xFFF42E4F (   -774577)"
64,"betterendforge:lantern_woods","0xFFBD5246 (-4369850)","0x00000000 (0)","0xFFABEAE2 (-5510430)","0xFFABEAE2 (-5510430)","0xFFC5D270 (  -3812752)","0xFFFE5539 (   -109255)"
65,"betterendforge:dry_shrubland","0xFF84230D (-8117491)","0x00000000 (0)","0xFF715835 (-9349067)","0xFF715835 (-9349067)","0xFFC5D270 (  -3812752)","0xFFED7A42 (  -1213886)"
66,"betterendforge:ice_starfield","0xFFE0F5FE (-2034178)","0x00000000 (0)","0x003F76E4 (4159204)","0x00050533 (329011)","0xFFC5D270 (  -3812752)","0xFFC1F4F4 (  -4066060)"
67,"betterendforge:empty_end_cave","0x00A080A0 (10518688)","0x00000000 (0)","0x003F76E4 (4159204)","0x00050533 (329011)","0xFFC5D270 (  -3812752)","0xFFC5D270 (  -3812752)"
68,"betterendforge:empty_smaragdant_cave","0xFF00FDB6 (-16712266)","0x00000000 (0)","0xFF1FA7D4 (-14702636)","0xFF1FA7D4 (-14702636)","0xFF008391 ( -16743535)","0xFF008391 ( -16743535)"
69,"betterendforge:lush_smaragdant_cave","0xFF00FDB6 (-16712266)","0x00000000 (0)","0xFF1FA7D4 (-14702636)","0xFF1FA7D4 (-14702636)","0xFF008391 ( -16743535)","0xFF008391 ( -16743535)"
70,"betterendforge:empty_aurora_cave","0xFF961E44 (-6939068)","0x00000000 (0)","0xFFBA4DED (-4567571)","0xFFBA4DED (-4567571)","0xFF6C192E (  -9692882)","0xFF6C192E (  -9692882)"
71,"betterendforge:lush_aurora_cave","0xFF961E44 (-6939068)","0x00000000 (0)","0xFFBA4DED (-4567571)","0xFFBA4DED (-4567571)","0xFF6C192E (  -9692882)","0xFF6C192E (  -9692882)"
72,"betterendforge:megalake_grove","0xFFB2D1F8 (-5058056)","0x00000000 (0)","0xFF60A3FF (-10443777)","0xFF60A3FF (-10443777)","0xFF49D2D1 ( -11939119)","0xFF49D2D1 ( -11939119)"
73,"betterendforge:painted_mountains","0xFFE2EFA8 (-1904728)","0x00000000 (0)","0xFFC0B483 (-4148093)","0xFFC0B483 (-4148093)","0xFFC5D270 (  -3812752)","0xFFC5D270 (  -3812752)"
74,"betterendforge:neon_oasis","0xFFE2EFA8 (-1904728)","0x00000000 (0)","0xFF6AEED7 (-9769257)","0xFF6AEED7 (-9769257)","0xFFC5D270 (  -3812752)","0xFFC5D270 (  -3812752)"
75,"ob_aquamirae:ice_maze","0x00C0D8FF (12638463)","0x0079A6FF (7972607)","0xFF003399 (-16764007)","0xFF003399 (-16764007)","0x0090814D (   9470285)","0x009E814D (  10387789)"
76,"biomesoplenty:gravel_beach","0x00C0D8FF (12638463)","0x007AA5FF (8037887)","0x003F76E4 (4159204)","0x00050533 (329011)","0xFF8DBB68 (  -7488664)","0xFF72A941 (  -9262783)"
77,"biomesoplenty:tropic_beach","0x00B2EDFF (11726335)","0x0066BCFF (6733055)","0x0043D5EE (4445678)","0x00041F33 (270131)","0xFF4ECB39 ( -11613383)","0xFF23BD07 ( -14435065)"
78,"biomesoplenty:alps_foothills","0x00C0D8FF (12638463)","0x00819FFF (8495103)","0x003F76E4 (4159204)","0x00050533 (329011)","0xFF80B497 (  -8342377)","0xFF60A17B ( -10444421)"
79,"biomesoplenty:redwood_forest_edge","0x00C0D8FF (12638463)","0x0078A7FF (7907327)","0x003F76E4 (4159204)","0x00050533 (329011)","0x00B5D55C (  11916636)","0x008EBF42 (   9355074)"
80,"biomesoplenty:volcanic_plains","0x00BFBFBF (12566463)","0x0077A8FF (7842047)","0x0045ADF2 (4566514)","0x00041633 (267827)","0x004A703B (   4878395)","0x00547D42 (   5537090)"
81,"biomesoplenty:orchard","0x00C0D8FF (12638463)","0x0078A7FF (7907327)","0x003F76E4 (4159204)","0x00050533 (329011)","0x00A9DB69 (  11131753)","0x00C9F75D (  13236061)"
82,"biomesoplenty:bayou_mangrove","0x00C0D8FF (12638463)","0x0077A8FF (7842047)","0x0062AF84 (6467460)","0x000C211C (794908)","0x006FAA50 (   7318096)","0x008BDB67 (   9165671)"
83,"biomesoplenty:alps","0x00C0D8FF (12638463)","0x00819FFF (8495103)","0x003F76E4 (4159204)","0x00050533 (329011)","0xFF80B497 (  -8342377)","0xFF60A17B ( -10444421)"
84,"biomesoplenty:bamboo_blossom_grove","0x00C0D8FF (12638463)","0x007AA5FF (8037887)","0x003F76E4 (4159204)","0x00050533 (329011)","0x0085CE71 (   8769137)","0x0063BF66 (   6537062)"
85,"biomesoplenty:bayou","0x00C0D8FF (12638463)","0x0077A8FF (7842047)","0x0062AF84 (6467460)","0x000C211C (794908)","0x006FAA50 (   7318096)","0x008BDB67 (   9165671)"
86,"biomesoplenty:burnt_forest","0x00C0D8FF (12638463)","0x007CA3FF (8168447)","0x003F76E4 (4159204)","0x00050533 (329011)","0x00514F46 (   5328710)","0x00B7B763 (  12040035)"
87,"biomesoplenty:cherry_blossom_grove","0x00C0D8FF (12638463)","0x007AA5FF (8037887)","0x003F76E4 (4159204)","0x00050533 (329011)","0x0085CE71 (   8769137)","0x0063BF66 (   6537062)"
88,"biomesoplenty:cold_desert","0x00C0D8FF (12638463)","0x007DA3FF (8233983)","0x003F76E4 (4159204)","0x00050533 (329011)","0x00AD9364 (  11375460)","0x00B5A76C (  11904876)"
89,"biomesoplenty:coniferous_forest","0x00C0D8FF (12638463)","0x007BA4FF (8103167)","0x003F76E4 (4159204)","0x00050533 (329011)","0xFF8DB974 (  -7489164)","0xFF71A652 (  -9329070)"
90,"biomesoplenty:coniferous_lakes","0x00C0D8FF (12638463)","0x007BA4FF (8103167)","0x003F76E4 (4159204)","0x00050533 (329011)","0xFF8DB974 (  -7489164)","0xFF71A652 (  -9329070)"
91,"biomesoplenty:dead_forest","0x00C0D8FF (12638463)","0x007CA3FF (8168447)","0x003F76E4 (4159204)","0x00050533 (329011)","0x00BAAD64 (  12234084)","0x00B7B763 (  12040035)"
92,"biomesoplenty:deep_bayou","0x00C0D8FF (12638463)","0x0077A8FF (7842047)","0x0062AF84 (6467460)","0x000C211C (794908)","0x006FAA50 (   7318096)","0x008BDB67 (   9165671)"
93,"biomesoplenty:dense_marsh","0x00C0D8FF (12638463)","0x0079A6FF (7972607)","0x003F76E4 (4159204)","0x00050533 (329011)","0xFF81BD61 (  -8274591)","0xFF62AC39 ( -10310599)"
94,"biomesoplenty:dense_woodland","0x00C0D8FF (12638463)","0x0078A7FF (7907327)","0x003F76E4 (4159204)","0x00050533 (329011)","0x00A7C047 (  10993735)","0x0092AF1A (   9613082)"
95,"biomesoplenty:dryland","0x00C0D8FF (12638463)","0x009E9DFF (10395135)","0x003F76E4 (4159204)","0x00050533 (329011)","0x00E5DFA9 (  15065001)","0x00DAE0B3 (  14344371)"
96,"biomesoplenty:dry_boneyard","0x00C0D8FF (12638463)","0x009E9DFF (10395135)","0x003F76E4 (4159204)","0x00050533 (329011)","0x00E5DFA9 (  15065001)","0x00DAE0B3 (  14344371)"
97,"biomesoplenty:fir_clearing","0x00C0D8FF (12638463)","0x007BA4FF (8103167)","0x003F76E4 (4159204)","0x00050533 (329011)","0xFF8DB974 (  -7489164)","0xFF71A652 (  -9329070)"
98,"biomesoplenty:flower_meadow","0x00C0D8FF (12638463)","0x007CA4FF (8168703)","0x003F76E4 (4159204)","0x00050533 (329011)","0x0063B26D (   6533741)","0x0063B26D (   6533741)"
99,"biomesoplenty:fungal_field","0x00C0D8FF (12638463)","0x0077A8FF (7842047)","0x0043D5EE (4445678)","0x00041F33 (270131)","0x004AA2F9 (   4891385)","0x004ADCF9 (   4906233)"
100,"biomesoplenty:fungal_jungle","0x00C0D8FF (12638463)","0x0077A8FF (7842047)","0x0043D5EE (4445678)","0x00041F33 (270131)","0x004AA2F9 (   4891385)","0x004ADCF9 (   4906233)"
101,"biomesoplenty:golden_prairie","0x00C0D8FF (12638463)","0x0078A7FF (7907327)","0x003F76E4 (4159204)","0x00050533 (329011)","0x00E4EA77 (  15002231)","0x00C7E672 (  13100658)"
102,"biomesoplenty:grassland","0x00C0D8FF (12638463)","0x007AA5FF (8037887)","0x003F76E4 (4159204)","0x00050533 (329011)","0x0088C57F (   8963455)","0x006AB66F (   6993519)"
103,"biomesoplenty:grassland_clover_patch","0x00C0D8FF (12638463)","0x007AA5FF (8037887)","0x003F76E4 (4159204)","0x00050533 (329011)","0x0088C57F (   8963455)","0x006AB66F (   6993519)"
104,"biomesoplenty:grove","0x00C0D8FF (12638463)","0x0078A7FF (7907327)","0x0045ADF2 (4566514)","0x00041633 (267827)","0xFF9CBB5C (  -6505636)","0xFF83A933 (  -8148685)"
105,"biomesoplenty:grove_clearing","0x00C0D8FF (12638463)","0x0078A7FF (7907327)","0x0045ADF2 (4566514)","0x00041633 (267827)","0xFF9CBB5C (  -6505636)","0xFF83A933 (  -8148685)"
106,"biomesoplenty:grove_lakes","0x00C0D8FF (12638463)","0x0078A7FF (7907327)","0x0045ADF2 (4566514)","0x00041633 (267827)","0xFF9CBB5C (  -6505636)","0xFF83A933 (  -8148685)"
107,"biomesoplenty:highland","0x00C0D8FF (12638463)","0x007AA5FF (8037887)","0x003F76E4 (4159204)","0x00050533 (329011)","0xFF88BB66 (  -7816346)","0xFF6BA940 (  -9721536)"
108,"biomesoplenty:highland_crag","0x00C0D8FF (12638463)","0x007AA5FF (8037887)","0x003F76E4 (4159204)","0x00050533 (329011)","0xFF88BB66 (  -7816346)","0xFF6BA940 (  -9721536)"
109,"biomesoplenty:highland_moor","0x00C0D8FF (12638463)","0x007AA5FF (8037887)","0x003F76E4 (4159204)","0x00050533 (329011)","0xFF88BB66 (  -7816346)","0xFF6BA940 (  -9721536)"
110,"biomesoplenty:jade_cliffs","0x00BBD1D5 (12308949)","0x00B7CCAD (12045485)","0x003F76E4 (4159204)","0x00050533 (329011)","0x007CA568 (   8168808)","0x008BB76E (   9156462)"
111,"biomesoplenty:lavender_field","0x00C0D8FF (12638463)","0x0078A7FF (7907327)","0x003F76E4 (4159204)","0x00050533 (329011)","0x00A1C36D (  10601325)","0x00A1C36D (  10601325)"
112,"biomesoplenty:lavender_forest","0x00C0D8FF (12638463)","0x0078A7FF (7907327)","0x003F76E4 (4159204)","0x00050533 (329011)","0x00A1C36D (  10601325)","0x00A1C36D (  10601325)"
113,"biomesoplenty:lush_desert","0x00C0D8FF (12638463)","0x0077A8FF (7842047)","0x0045ADF2 (4566514)","0x00041633 (267827)","0x00EFE182 (  15720834)","0x00D3D156 (  13881686)"
114,"biomesoplenty:lush_savanna","0x00C0D8FF (12638463)","0x0077A8FF (7842047)","0x0045ADF2 (4566514)","0x00041633 (267827)","0x00EFE182 (  15720834)","0x00D3D156 (  13881686)"
115,"biomesoplenty:marsh","0x00C0D8FF (12638463)","0x0079A6FF (7972607)","0x003F76E4 (4159204)","0x00050533 (329011)","0xFF81BD61 (  -8274591)","0xFF62AC39 ( -10310599)"
116,"biomesoplenty:meadow","0x00C0D8FF (12638463)","0x007CA4FF (8168703)","0x003F76E4 (4159204)","0x00050533 (329011)","0x0063B26D (   6533741)","0x0063B26D (   6533741)"
117,"biomesoplenty:meadow_forest","0x00C0D8FF (12638463)","0x007CA4FF (8168703)","0x003F76E4 (4159204)","0x00050533 (329011)","0x0063B26D (   6533741)","0x0063B26D (   6533741)"
118,"biomesoplenty:muskeg","0x00C0D8FF (12638463)","0x00819FFF (8495103)","0x003F76E4 (4159204)","0x00050533 (329011)","0x0094966E (   9737838)","0x008D9B6B (   9280363)"
119,"biomesoplenty:mystic_grove","0x00FFC9DA (16763354)","0x00AAEFFF (11202559)","0x009C3FE4 (10239972)","0x002E0533 (3015987)","0x0069CFDB (   6934491)","0x0070E0B5 (   7397557)"
120,"biomesoplenty:mystic_plains","0x00FFC9DA (16763354)","0x00AAEFFF (11202559)","0x009C3FE4 (10239972)","0x002E0533 (3015987)","0x0069CFDB (   6934491)","0x0070E0B5 (   7397557)"
121,"biomesoplenty:ominous_woods","0x007881A5 (7897509)","0x0084A1CC (8692172)","0x00312346 (3220294)","0x000A030C (656140)","0x004C4A70 (   4999792)","0x006B487C (   7030908)"
122,"biomesoplenty:ominous_mire","0x007881A5 (7897509)","0x0084A1CC (8692172)","0x00312346 (3220294)","0x000A030C (656140)","0x004C4A70 (   4999792)","0x006B487C (   7030908)"
123,"biomesoplenty:origin_valley","0x00B0CFFF (11587583)","0x008CBDFF (9223679)","0x000E31FF (930303)","0x00070059 (458841)","0x009AFF5F (  10157919)","0x003AFF00 (   3866368)"
124,"biomesoplenty:prairie","0x00C0D8FF (12638463)","0x0078A7FF (7907327)","0x003F76E4 (4159204)","0x00050533 (329011)","0x00E4EA77 (  15002231)","0x00C7E672 (  13100658)"
125,"biomesoplenty:rainbow_hills","0x00C0D8FF (12638463)","0x007AA5FF (8037887)","0x0045ADF2 (4566514)","0x00041633 (267827)","0x0075CE8D (   7720589)","0x0075CE8D (   7720589)"
126,"biomesoplenty:rainforest","0x00C0D8FF (12638463)","0x0075AAFF (7711487)","0x003FDF99 (4186009)","0x00042F26 (274214)","0x00A7E140 (  11002176)","0x0088E140 (   8970560)"
127,"minecraft:the_void","0x00C0D8FF (12638463)","0x007BA4FF (8103167)","0x003F76E4 (4159204)","0x00050533 (329011)","0xFF8EB971 (  -7423631)","0xFF71A74D (  -9328819)"
128,"biomesoplenty:rainforest_cliffs","0x00C0D8FF (12638463)","0x0075AAFF (7711487)","0x003FDF99 (4186009)","0x00042F26 (274214)","0x00A7E140 (  11002176)","0x0088E140 (   8970560)"
129,"minecraft:sunflower_plains","0x00C0D8FF (12638463)","0x0078A7FF (7907327)","0x003F76E4 (4159204)","0x00050533 (329011)","0xFF91BD59 (  -7226023)","0xFF77AB2F (  -8934609)"
130,"minecraft:desert_lakes","0x00C0D8FF (12638463)","0x006EB1FF (7254527)","0x003F76E4 (4159204)","0x00050533 (329011)","0xFFBFB755 (  -4212907)","0xFFAEA42A (  -5331926)"
131,"minecraft:gravelly_mountains","0x00C0D8FF (12638463)","0x007DA2FF (8233727)","0x003F76E4 (4159204)","0x00050533 (329011)","0xFF8AB689 (  -7686519)","0xFF6DA36B (  -9591957)"
132,"minecraft:flower_forest","0x00C0D8FF (12638463)","0x0079A6FF (7972607)","0x003F76E4 (4159204)","0x00050533 (329011)","0xFF79C05A (  -8798118)","0xFF59AE30 ( -10899920)"
133,"minecraft:taiga_mountains","0x00C0D8FF (12638463)","0x007DA3FF (8233983)","0x003F76E4 (4159204)","0x00050533 (329011)","0xFF86B783 (  -7948413)","0xFF68A464 (  -9919388)"
134,"minecraft:swamp_hills","0x00C0D8FF (12638463)","0x0078A7FF (7907327)","0x00617B64 (6388580)","0x00232317 (2302743)","0x006A7039 (   6975545)","0x006A7039 (   6975545)"
135,"biomesoplenty:rainforest_floodplain","0x00C0D8FF (12638463)","0x0075AAFF (7711487)","0x003FDF99 (4186009)","0x00042F26 (274214)","0x00A7E140 (  11002176)","0x0088E140 (   8970560)"
136,"biomesoplenty:redwood_forest","0x00C0D8FF (12638463)","0x0078A7FF (7907327)","0x003F76E4 (4159204)","0x00050533 (329011)","0x00B5D55C (  11916636)","0x008EBF42 (   9355074)"
137,"biomesoplenty:redwood_hills","0x00C0D8FF (12638463)","0x0078A7FF (7907327)","0x003F76E4 (4159204)","0x00050533 (329011)","0x00B5D55C (  11916636)","0x008EBF42 (   9355074)"
138,"biomesoplenty:scrubland","0x00C0D8FF (12638463)","0x0076A9FF (7776767)","0x003F76E4 (4159204)","0x00050533 (329011)","0xFFACBB50 (  -5457072)","0xFF98A924 (  -6772444)"
139,"biomesoplenty:seasonal_forest","0x00C0D8FF (12638463)","0x007CA4FF (8168703)","0x003F76E4 (4159204)","0x00050533 (329011)","0x00DD9A4A (  14522954)","0x00D1B24A (  13742666)"
140,"minecraft:ice_spikes","0x00C0D8FF (12638463)","0x007FA1FF (8364543)","0x003F76E4 (4159204)","0x00050533 (329011)","0xFF80B497 (  -8342377)","0xFF60A17B ( -10444421)"
141,"biomesoplenty:seasonal_orchard","0x00C0D8FF (12638463)","0x007CA4FF (8168703)","0x003F76E4 (4159204)","0x00050533 (329011)","0x00DD9A4A (  14522954)","0x00D1B24A (  13742666)"
142,"biomesoplenty:seasonal_pumpkin_patch","0x00C0D8FF (12638463)","0x007CA4FF (8168703)","0x003F76E4 (4159204)","0x00050533 (329011)","0x00DD9A4A (  14522954)","0x00D1B24A (  13742666)"
143,"biomesoplenty:shroomy_wetland","0x00C0D8FF (12638463)","0x007AA5FF (8037887)","0x00272179 (2564473)","0x000C031B (787227)","0x005A935F (   5935967)","0x004F9657 (   5215831)"
144,"biomesoplenty:shrubland","0x00C0D8FF (12638463)","0x007AA5FF (8037887)","0x003F76E4 (4159204)","0x00050533 (329011)","0xFFA4B76E (  -5982354)","0xFF8CA44A (  -7560118)"
145,"biomesoplenty:shrubland_hills","0x00C0D8FF (12638463)","0x007AA5FF (8037887)","0x003F76E4 (4159204)","0x00050533 (329011)","0xFFA4B76E (  -5982354)","0xFF8CA44A (  -7560118)"
146,"biomesoplenty:snowy_coniferous_forest","0x00C0D8FF (12638463)","0x00819FFF (8495103)","0x003F76E4 (4159204)","0x00050533 (329011)","0xFF80B497 (  -8342377)","0xFF60A17B ( -10444421)"
147,"biomesoplenty:snowy_maple_forest","0x00C0D8FF (12638463)","0x00819FFF (8495103)","0x003F76E4 (4159204)","0x00050533 (329011)","0xFF80B497 (  -8342377)","0xFF60A17B ( -10444421)"
148,"biomesoplenty:snowy_fir_clearing","0x00C0D8FF (12638463)","0x00819FFF (8495103)","0x003F76E4 (4159204)","0x00050533 (329011)","0xFF80B497 (  -8342377)","0xFF60A17B ( -10444421)"
149,"minecraft:modified_jungle","0x00C0D8FF (12638463)","0x0077A8FF (7842047)","0x003F76E4 (4159204)","0x00050533 (329011)","0xFF59C93C ( -10892996)","0xFF30BB0B ( -13583605)"
150,"biomesoplenty:tall_dead_forest","0x00C0D8FF (12638463)","0x007CA3FF (8168447)","0x003F76E4 (4159204)","0x00050533 (329011)","0x00BAAD64 (  12234084)","0x00B7B763 (  12040035)"
151,"minecraft:modified_jungle_edge","0x00C0D8FF (12638463)","0x0077A8FF (7842047)","0x003F76E4 (4159204)","0x00050533 (329011)","0xFF64C73F ( -10172609)","0xFF3EB80F ( -12666865)"
152,"biomesoplenty:tropics","0x00B2EDFF (11726335)","0x0066BCFF (6733055)","0x0043D5EE (4445678)","0x00041F33 (270131)","0xFF4ECB39 ( -11613383)","0xFF23BD07 ( -14435065)"
153,"biomesoplenty:tundra","0x00C0D8FF (12638463)","0x007DA2FF (8233727)","0x003F76E4 (4159204)","0x00050533 (329011)","0x00C08359 (  12616537)","0x00C5975C (  12949340)"
154,"biomesoplenty:tundra_basin","0x00C0D8FF (12638463)","0x007DA2FF (8233727)","0x003F76E4 (4159204)","0x00050533 (329011)","0x00C08359 (  12616537)","0x00C5975C (  12949340)"
155,"minecraft:tall_birch_forest","0x00C0D8FF (12638463)","0x007AA5FF (8037887)","0x003F76E4 (4159204)","0x00050533 (329011)","0xFF88BB66 (  -7816346)","0xFF6BA940 (  -9721536)"
156,"minecraft:tall_birch_hills","0x00C0D8FF (12638463)","0x007AA5FF (8037887)","0x003F76E4 (4159204)","0x00050533 (329011)","0xFF88BB66 (  -7816346)","0xFF6BA940 (  -9721536)"
157,"minecraft:dark_forest_hills","0x00C0D8FF (12638463)","0x0079A6FF (7972607)","0x003F76E4 (4159204)","0x00050533 (329011)","0x00507A32 (   5274162)","0xFF59AE30 ( -10899920)"
158,"minecraft:snowy_taiga_mountains","0x00C0D8FF (12638463)","0x00839EFF (8625919)","0x003D57D6 (4020182)","0x00050533 (329011)","0xFF80B497 (  -8342377)","0xFF60A17B ( -10444421)"
159,"biomesoplenty:tundra_bog","0x00C0D8FF (12638463)","0x007DA2FF (8233727)","0x003F76E4 (4159204)","0x00050533 (329011)","0x00C08359 (  12616537)","0x00C5975C (  12949340)"
160,"minecraft:giant_spruce_taiga","0x00C0D8FF (12638463)","0x007DA3FF (8233983)","0x003F76E4 (4159204)","0x00050533 (329011)","0xFF86B783 (  -7948413)","0xFF68A464 (  -9919388)"
161,"minecraft:giant_spruce_taiga_hills","0x00C0D8FF (12638463)","0x007DA3FF (8233983)","0x003F76E4 (4159204)","0x00050533 (329011)","0xFF86B783 (  -7948413)","0xFF68A464 (  -9919388)"
162,"minecraft:modified_gravelly_mountains","0x00C0D8FF (12638463)","0x007DA2FF (8233727)","0x003F76E4 (4159204)","0x00050533 (329011)","0xFF8AB689 (  -7686519)","0xFF6DA36B (  -9591957)"
163,"minecraft:shattered_savanna","0x00C0D8FF (12638463)","0x0076A9FF (7776767)","0x003F76E4 (4159204)","0x00050533 (329011)","0xFFBFB755 (  -4212907)","0xFFAEA42A (  -5331926)"
164,"minecraft:shattered_savanna_plateau","0x00C0D8FF (12638463)","0x0076A8FF (7776511)","0x003F76E4 (4159204)","0x00050533 (329011)","0xFFBFB755 (  -4212907)","0xFFAEA42A (  -5331926)"
165,"minecraft:eroded_badlands","0x00C0D8FF (12638463)","0x006EB1FF (7254527)","0x003F76E4 (4159204)","0x00050533 (329011)","0x0090814D (   9470285)","0x009E814D (  10387789)"
166,"minecraft:modified_wooded_badlands_plateau","0x00C0D8FF (12638463)","0x006EB1FF (7254527)","0x003F76E4 (4159204)","0x00050533 (329011)","0x0090814D (   9470285)","0x009E814D (  10387789)"
167,"minecraft:modified_badlands_plateau","0x00C0D8FF (12638463)","0x006EB1FF (7254527)","0x003F76E4 (4159204)","0x00050533 (329011)","0x0090814D (   9470285)","0x009E814D (  10387789)"
168,"minecraft:bamboo_jungle","0x00C0D8FF (12638463)","0x0077A8FF (7842047)","0x003F76E4 (4159204)","0x00050533 (329011)","0xFF59C93C ( -10892996)","0xFF30BB0B ( -13583605)"
169,"minecraft:bamboo_jungle_hills","0x00C0D8FF (12638463)","0x0077A8FF (7842047)","0x003F76E4 (4159204)","0x00050533 (329011)","0xFF59C93C ( -10892996)","0xFF30BB0B ( -13583605)"
170,"minecraft:soul_sand_valley","0x001B4745 (1787717)","0x006EB1FF (7254527)","0x003F76E4 (4159204)","0x00050533 (329011)","0xFFBFB755 (  -4212907)","0xFFAEA42A (  -5331926)"
171,"minecraft:crimson_forest","0x00330303 (3343107)","0x006EB1FF (7254527)","0x003F76E4 (4159204)","0x00050533 (329011)","0xFFBFB755 (  -4212907)","0xFFAEA42A (  -5331926)"
172,"minecraft:warped_forest","0x001A051A (1705242)","0x006EB1FF (7254527)","0x003F76E4 (4159204)","0x00050533 (329011)","0xFFBFB755 (  -4212907)","0xFFAEA42A (  -5331926)"
173,"minecraft:basalt_deltas","0x00685F70 (6840176)","0x006EB1FF (7254527)","0x003F76E4 (4159204)","0x00423E42 (4341314)","0xFFBFB755 (  -4212907)","0xFFAEA42A (  -5331926)"
174,"biomesoplenty:volcano","0x007F7F7F (8355711)","0x0077A8FF (7842047)","0x0045ADF2 (4566514)","0x00041633 (267827)","0x004A703B (   4878395)","0x00547D42 (   5537090)"
175,"biomesoplenty:wasteland","0x00DBDDC1 (14409153)","0x0070ADEF (7384559)","0x00433721 (4405025)","0x000C0C03 (789507)","0x00AD9364 (  11375460)","0x00B5A76C (  11904876)"
176,"biomesoplenty:wetland","0x00C0D8FF (12638463)","0x007AA5FF (8037887)","0x00272179 (2564473)","0x000C031B (787227)","0x005A935F (   5935967)","0x004F9657 (   5215831)"
177,"biomesoplenty:wetland_forest","0x00C0D8FF (12638463)","0x007AA5FF (8037887)","0x00272179 (2564473)","0x000C031B (787227)","0x005A935F (   5935967)","0x004F9657 (   5215831)"
178,"biomesoplenty:wooded_scrubland","0x00C0D8FF (12638463)","0x0076A9FF (7776767)","0x003F76E4 (4159204)","0x00050533 (329011)","0xFFACBB50 (  -5457072)","0xFF98A924 (  -6772444)"
179,"biomesoplenty:woodland","0x00C0D8FF (12638463)","0x0078A7FF (7907327)","0x003F76E4 (4159204)","0x00050533 (329011)","0x00A7C047 (  10993735)","0x0092AF1A (   9613082)"
180,"biomesoplenty:crystalline_chasm","0x0059002C (5832748)","0x006EB1FF (7254527)","0x003F76E4 (4159204)","0x00050533 (329011)","0xFFBFB755 (  -4212907)","0xFFAEA42A (  -5331926)"
181,"biomesoplenty:undergrowth","0x001C2109 (1843465)","0x006EB1FF (7254527)","0x003F76E4 (4159204)","0x00050533 (329011)","0xFFBFB755 (  -4212907)","0xFFAEA42A (  -5331926)"
182,"biomesoplenty:visceral_heap","0x00601F18 (6299416)","0x006EB1FF (7254527)","0x003F76E4 (4159204)","0x00050533 (329011)","0xFFBFB755 (  -4212907)","0xFFAEA42A (  -5331926)"
183,"biomesoplenty:withered_abyss","0x0009060F (591375)","0x006EB1FF (7254527)","0x003F76E4 (4159204)","0x00050533 (329011)","0xFFBFB755 (  -4212907)","0xFFAEA42A (  -5331926)"
184,"jellyfishing:jellyfish_fields","0x00C0D8FF (12638463)","0x0077A8FF (7842047)","0x0045ADFB (4566523)","0x00277C7E (2587774)","0xFF91BD59 (  -7226023)","0xFF77AB2F (  -8934609)"
185,"integrateddynamics:meneglin","0x00C0D8FF (12638463)","0x00B2EEE9 (11726569)","0x0043D5EE (4445678)","0x0055A8DD (5613789)","0x0055DDA8 (   5627304)","0x0080D0B9 (   8442041)"
186,"vampirism:vampire_forest","0x007D3535 (8205621)","0x007D3535 (8205621)","0x007D0000 (8192000)","0x007D0000 (8192000)","0x001E1F1F (   1974047)","0x001E1F1F (   1974047)"
187,"vampirism:vampire_forest_hills","0x007D3535 (8205621)","0x007D3535 (8205621)","0x007D0000 (8192000)","0x007D0000 (8192000)","0x001E1F1F (   1974047)","0x001E1F1F (   1974047)"
188,"byg:allium_fields","0x00C0D8FF (12638463)","0x0078A7FF (7907327)","0x003F76E4 (4159204)","0x00050533 (329011)","0xFF91BD59 (  -7226023)","0xFF77AB2F (  -8934609)"
189,"byg:alps","0x00C0D8FF (12638463)","0x0078A7FF (7907327)","0x003F76E4 (4159204)","0x00050533 (329011)","0xFF80B497 (  -8342377)","0xFF60A17B ( -10444421)"
190,"byg:amaranth_fields","0x00C0D8FF (12638463)","0x0078A7FF (7907327)","0x003F76E4 (4159204)","0x00050533 (329011)","0xFF91BD59 (  -7226023)","0xFF77AB2F (  -8934609)"
191,"byg:ancient_forest","0x00C0D8FF (12638463)","0x0078A7FF (7907327)","0x003F76E4 (4159204)","0x00050533 (329011)","0x00527F57 (   5406551)","0x00648C36 (   6589494)"
192,"byg:aspen_forest","0x00C0D8FF (12638463)","0x0078A7FF (7907327)","0x003F76E4 (4159204)","0x00050533 (329011)","0x00B5BB6A (  11909994)","0x00527F57 (   5406551)"
193,"byg:autumnal_valley","0x00C0D8FF (12638463)","0x0078A7FF (7907327)","0x003F76E4 (4159204)","0x00050533 (329011)","0x00AFAF59 (  11513689)","0x00BDBF41 (  12435265)"
194,"byg:baobab_savanna","0x00C0D8FF (12638463)","0x0078A7FF (7907327)","0x003F76E4 (4159204)","0x00050533 (329011)","0xFFBFB755 (  -4212907)","0xFFAEA42A (  -5331926)"
195,"byg:bayou","0x00C0D8FF (12638463)","0x0078A7FF (7907327)","0x00497A4E (4815438)","0x00668027 (6717479)","0x00708C38 (   7375928)","0x0060B250 (   6337104)"
196,"byg:blue_taiga","0x00C0D8FF (12638463)","0x0078A7FF (7907327)","0x003F76E4 (4159204)","0x00050533 (329011)","0xFF86B783 (  -7948413)","0xFF68A464 (  -9919388)"
197,"byg:bluff_steeps","0x00C0D8FF (12638463)","0x0078A7FF (7907327)","0x003F76E4 (4159204)","0x00050533 (329011)","0xFF8AB685 (  -7686523)","0xFF6DA366 (  -9591962)"
198,"byg:boreal_forest","0x00C0D8FF (12638463)","0x0078A7FF (7907327)","0x003F76E4 (4159204)","0x00050533 (329011)","0x004C763C (   5011004)","0x00648C36 (   6589494)"
199,"byg:cold_swamplands","0x00C0D8FF (12638463)","0x0078A7FF (7907327)","0x008C6B4D (9202509)","0x008C6B4D (9202509)","0x00706440 (   7365696)","0x00706440 (   7365696)"
200,"byg:crag_gardens","0x00C0D8FF (12638463)","0x0078A7FF (7907327)","0x007CABD3 (8170451)","0x005E9CC9 (6200521)","0xFF5EC83A ( -10565574)","0xFF37BA09 ( -13125111)"
201,"byg:cika_woods","0x00C0D8FF (12638463)","0x0078A7FF (7907327)","0x003F76E4 (4159204)","0x00050533 (329011)","0x00CCAF5B (  13414235)","0x00CCAF5B (  13414235)"
202,"byg:cherry_blossom_forest","0x00C0D8FF (12638463)","0x0078A7FF (7907327)","0x003F76E4 (4159204)","0x00050533 (329011)","0x00A7D86C (  10999916)","0x00A7D86C (  10999916)"
203,"byg:redwood_tropics","0x00C0D8FF (12638463)","0x0078A7FF (7907327)","0x003F76E4 (4159204)","0x00050533 (329011)","0x0087BF5F (   8896351)","0x0087BF5F (   8896351)"
204,"byg:coniferous_forest","0x00C0D8FF (12638463)","0x0078A7FF (7907327)","0x003F76E4 (4159204)","0x00050533 (329011)","0x004C763C (   5011004)","0x00228B22 (   2263842)"
205,"byg:cypress_swamplands","0x00C0D8FF (12638463)","0x0078A7FF (7907327)","0x003F76E4 (4159204)","0x00050533 (329011)","0x0060B250 (   6337104)","0x0060B250 (   6337104)"
206,"byg:dover_mountains","0x00C0D8FF (12638463)","0x0078A7FF (7907327)","0x003F76E4 (4159204)","0x00050533 (329011)","0x004C763C (   5011004)","0x00228B22 (   2263842)"
207,"byg:dead_sea","0x00C0D8FF (12638463)","0x0078A7FF (7907327)","0x008CD8F2 (9230578)","0x002B444C (2835532)","0xFFBFB755 (  -4212907)","0xFFAEA42A (  -5331926)"
208,"byg:deciduous_forest","0x00C0D8FF (12638463)","0x0078A7FF (7907327)","0x003F76E4 (4159204)","0x00050533 (329011)","0x0083A551 (   8627537)","0x00648C36 (   6589494)"
209,"byg:dunes","0x00C0D8FF (12638463)","0x0078A7FF (7907327)","0x003F76E4 (4159204)","0x00050533 (329011)","0xFFBFB755 (  -4212907)","0xFFAEA42A (  -5331926)"
210,"byg:ebony_woods","0x00C0D8FF (12638463)","0x0078A7FF (7907327)","0x003F76E4 (4159204)","0x00050533 (329011)","0x00527F57 (   5406551)","0x00648C36 (   6589494)"
211,"byg:enchanted_forest","0x00C0D8FF (12638463)","0x0078A7FF (7907327)","0x003F76E4 (4159204)","0x00050533 (329011)","0x0082A0CD (   8560845)","0x00B58ECC (  11898572)"
212,"byg:evergreen_taiga","0x00C0D8FF (12638463)","0x0078A7FF (7907327)","0x003F76E4 (4159204)","0x00050533 (329011)","0x004C763C (   5011004)","0x00228B22 (   2263842)"
213,"byg:glowshroom_bayou","0x00C0D8FF (12638463)","0x0078A7FF (7907327)","0x00497A4E (4815438)","0x00668027 (6717479)","0x00708C38 (   7375928)","0x0060B250 (   6337104)"
214,"byg:grassland_plateau","0x00C0D8FF (12638463)","0x0078A7FF (7907327)","0x003F76E4 (4159204)","0x00050533 (329011)","0xFF92BB62 (  -7160990)","0xFF78A93A (  -8869574)"
215,"byg:great_lakes","0x00C0D8FF (12638463)","0x0078A7FF (7907327)","0x003F76E4 (4159204)","0x00050533 (329011)","0x00A2B360 (  10662752)","0xFF68A464 (  -9919388)"
216,"byg:grove","0x00C0D8FF (12638463)","0x0078A7FF (7907327)","0x003F76E4 (4159204)","0x00050533 (329011)","0x00AABF5F (  11190111)","0x00AABF5F (  11190111)"
217,"byg:enchanted_grove","0x00C0D8FF (12638463)","0x0078A7FF (7907327)","0x003F76E4 (4159204)","0x00050533 (329011)","0x0082A0CD (   8560845)","0x00B58ECC (  11898572)"
218,"byg:guiana_shield","0x00C0D8FF (12638463)","0x0078A7FF (7907327)","0x003F76E4 (4159204)","0x00050533 (329011)","0x005EBC0F (   6208527)","0x005EBC0F (   6208527)"
219,"byg:jacaranda_forest","0x00C0D8FF (12638463)","0x0078A7FF (7907327)","0x003F76E4 (4159204)","0x00050533 (329011)","0x009ACD32 (  10145074)","0x00D861A3 (  14180771)"
220,"byg:mangrove_marshes","0x00C0D8FF (12638463)","0x0078A7FF (7907327)","0x003F76E4 (4159204)","0x00050533 (329011)","0x0060B250 (   6337104)","0x0060B250 (   6337104)"
221,"byg:maple_taiga","0x00C0D8FF (12638463)","0x0078A7FF (7907327)","0x003F76E4 (4159204)","0x00050533 (329011)","0x00527F57 (   5406551)","0x00648C36 (   6589494)"
222,"byg:meadow","0x00C0D8FF (12638463)","0x0078A7FF (7907327)","0x003F76E4 (4159204)","0x00050533 (329011)","0x00527F57 (   5406551)","0x00648C36 (   6589494)"
223,"byg:mojave_desert","0x00C0D8FF (12638463)","0x0078A7FF (7907327)","0x003F76E4 (4159204)","0x00050533 (329011)","0xFFBFB755 (  -4212907)","0xFFAEA42A (  -5331926)"
224,"byg:lush_tundra","0x00C0D8FF (12638463)","0x0078A7FF (7907327)","0x003F76E4 (4159204)","0x00050533 (329011)","0x0099463D (  10044989)","0x0099463D (  10044989)"
225,"byg:orchard","0x00C0D8FF (12638463)","0x0078A7FF (7907327)","0x003F76E4 (4159204)","0x00050533 (329011)","0x009BCC3D (  10210365)","0x009BCC3D (  10210365)"
226,"byg:prairie","0x00C0D8FF (12638463)","0x0078A7FF (7907327)","0x003F76E4 (4159204)","0x00050533 (329011)","0x0098A521 (  10003745)","0x0098A521 (  10003745)"
227,"byg:red_desert","0x00C0D8FF (12638463)","0x0078A7FF (7907327)","0x003F76E4 (4159204)","0x00050533 (329011)","0xFFBFB755 (  -4212907)","0xFFAEA42A (  -5331926)"
228,"byg:red_desert_dunes","0x00C0D8FF (12638463)","0x0078A7FF (7907327)","0x003F76E4 (4159204)","0x00050533 (329011)","0xFFBFB755 (  -4212907)","0xFFAEA42A (  -5331926)"
229,"byg:red_oak_forest","0x00C0D8FF (12638463)","0x0078A7FF (7907327)","0x003F76E4 (4159204)","0x00050533 (329011)","0xFF6AC44E (  -9780146)","0xFF45B421 ( -12209119)"
230,"byg:red_rock_mountains","0x00C0D8FF (12638463)","0x0078A7FF (7907327)","0x003F76E4 (4159204)","0x00050533 (329011)","0x00A5A56A (  10855786)","0x00A5A56A (  10855786)"
231,"byg:seasonal_birch_forest","0x00C0D8FF (12638463)","0x0078A7FF (7907327)","0x003F76E4 (4159204)","0x00050533 (329011)","0x00B27C3E (  11697214)","0x00B27C3E (  11697214)"
232,"byg:seasonal_deciduous_forest","0x00C0D8FF (12638463)","0x0078A7FF (7907327)","0x003F76E4 (4159204)","0x00050533 (329011)","0x00B27C3E (  11697214)","0x00BDBF41 (  12435265)"
233,"byg:seasonal_forest","0x00C0D8FF (12638463)","0x0078A7FF (7907327)","0x003F76E4 (4159204)","0x00050533 (329011)","0x00BDBF41 (  12435265)","0x00BDBF41 (  12435265)"
234,"byg:seasonal_taiga","0x00C0D8FF (12638463)","0x0078A7FF (7907327)","0x003F76E4 (4159204)","0x00050533 (329011)","0x00AFAF59 (  11513689)","0x00BDBF41 (  12435265)"
235,"byg:shattered_glacier","0x00C0D8FF (12638463)","0x0078A7FF (7907327)","0x003F76E4 (4159204)","0x00050533 (329011)","0xFF80B497 (  -8342377)","0xFF60A17B ( -10444421)"
236,"byg:shrublands","0x00C0D8FF (12638463)","0x0078A7FF (7907327)","0x003F76E4 (4159204)","0x00050533 (329011)","0x0096AA6F (   9874031)","0x006B8E23 (   7048739)"
237,"byg:skyris_highlands","0x00C0D8FF (12638463)","0x0078A7FF (7907327)","0x003F76E4 (4159204)","0x00050533 (329011)","0x0061CC8C (   6409356)","0x006CE26E (   7135854)"
238,"byg:snowy_blue_taiga","0x00C0D8FF (12638463)","0x0078A7FF (7907327)","0x003F76E4 (4159204)","0x00050533 (329011)","0xFF80B497 (  -8342377)","0xFF60A17B ( -10444421)"
239,"byg:snowy_coniferous_forest","0x00C0D8FF (12638463)","0x0078A7FF (7907327)","0x003F76E4 (4159204)","0x00050533 (329011)","0x004C763C (   5011004)","0x00228B22 (   2263842)"
240,"byg:snowy_deciduous_forest","0x00C0D8FF (12638463)","0x0078A7FF (7907327)","0x003F76E4 (4159204)","0x00050533 (329011)","0x00B79961 (  12032353)","0x00BA6462 (  12215394)"
241,"byg:snowy_evergreen_taiga","0x00C0D8FF (12638463)","0x0078A7FF (7907327)","0x003F76E4 (4159204)","0x00050533 (329011)","0x004C763C (   5011004)","0x00228B22 (   2263842)"
242,"byg:the_black_forest","0x00C0D8FF (12638463)","0x0078A7FF (7907327)","0x003F76E4 (4159204)","0x00050533 (329011)","0x004C763C (   5011004)","0x00228B22 (   2263842)"
243,"byg:tropical_fungal_forest","0x00C0D8FF (12638463)","0x0078A7FF (7907327)","0x003F76E4 (4159204)","0x00050533 (329011)","0x009ACD32 (  10145074)","0x009ACD32 (  10145074)"
244,"byg:tropical_rainforest","0x00C0D8FF (12638463)","0x0078A7FF (7907327)","0x003F76E4 (4159204)","0x00050533 (329011)","0x009ACD32 (  10145074)","0x009ACD32 (  10145074)"
245,"byg:vibrant_swamplands","0x00C0D8FF (12638463)","0x0078A7FF (7907327)","0x00617B64 (6388580)","0x00232317 (2302743)","0x0060B250 (   6337104)","0x0060B250 (   6337104)"
246,"byg:sierra_valley","0x00C0D8FF (12638463)","0x0078A7FF (7907327)","0x003F76E4 (4159204)","0x00050533 (329011)","0x00A5A56A (  10855786)","0x00A5A56A (  10855786)"
247,"byg:weeping_witch_forest","0x00C0D8FF (12638463)","0x0078A7FF (7907327)","0x003F76E4 (4159204)","0x00050533 (329011)","0x00527F57 (   5406551)","0x00648C36 (   6589494)"
248,"byg:woodlands","0x00C0D8FF (12638463)","0x0078A7FF (7907327)","0x003F76E4 (4159204)","0x00050533 (329011)","0x007A996B (   8034667)","0x007A996B (   8034667)"
249,"byg:zelkova_forest","0x00C0D8FF (12638463)","0x0078A7FF (7907327)","0x003F76E4 (4159204)","0x00050533 (329011)","0x0052A575 (   5416309)","0x0052A575 (   5416309)"
250,"byg:redwood_clearing","0x00C0D8FF (12638463)","0x0078A7FF (7907327)","0x003F76E4 (4159204)","0x00050533 (329011)","0x0087BF5F (   8896351)","0x0087BF5F (   8896351)"
251,"byg:redwood_mountains","0x00C0D8FF (12638463)","0x0078A7FF (7907327)","0x003F76E4 (4159204)","0x00050533 (329011)","0x0087BF5F (   8896351)","0x0087BF5F (   8896351)"
252,"byg:coral_mangroves","0x00C0D8FF (12638463)","0x0078A7FF (7907327)","0x003F76E4 (4159204)","0x00050533 (329011)","0x0060B250 (   6337104)","0x0060B250 (   6337104)"
253,"byg:cika_mountains","0x00C0D8FF (12638463)","0x0078A7FF (7907327)","0x003F76E4 (4159204)","0x00050533 (329011)","0x00CCAF5B (  13414235)","0x00CCAF5B (  13414235)"
254,"byg:glowing_ancient_forest","0x00C0D8FF (12638463)","0x0078A7FF (7907327)","0x003F76E4 (4159204)","0x00050533 (329011)","0x00527F57 (   5406551)","0x00648C36 (   6589494)"
255,"byg:flowering_ancient_forest","0x00C0D8FF (12638463)","0x0078A7FF (7907327)","0x003F76E4 (4159204)","0x00050533 (329011)","0x00527F57 (   5406551)","0x00648C36 (   6589494)"
256,"byg:snowy_evergreen_clearing","0x00C0D8FF (12638463)","0x0078A7FF (7907327)","0x003F76E4 (4159204)","0x00050533 (329011)","0x004C763C (   5011004)","0x00228B22 (   2263842)"
257,"byg:snowy_evergreen_hills","0x00C0D8FF (12638463)","0x0078A7FF (7907327)","0x003F76E4 (4159204)","0x00050533 (329011)","0x004C763C (   5011004)","0x00228B22 (   2263842)"
258,"byg:enchanted_forest_hills","0x00C0D8FF (12638463)","0x0078A7FF (7907327)","0x003F76E4 (4159204)","0x00050533 (329011)","0x0082A0CD (   8560845)","0x00B58ECC (  11898572)"
259,"byg:ebony_hills","0x00C0D8FF (12638463)","0x0078A7FF (7907327)","0x003F76E4 (4159204)","0x00050533 (329011)","0x00527F57 (   5406551)","0x00648C36 (   6589494)"
260,"byg:evergreen_clearing","0x00C0D8FF (12638463)","0x0078A7FF (7907327)","0x003F76E4 (4159204)","0x00050533 (329011)","0x004C763C (   5011004)","0x00228B22 (   2263842)"
261,"byg:evergreen_hills","0x00C0D8FF (12638463)","0x0078A7FF (7907327)","0x003F76E4 (4159204)","0x00050533 (329011)","0x004C763C (   5011004)","0x00228B22 (   2263842)"
262,"byg:fungal_patch","0x00C0D8FF (12638463)","0x0078A7FF (7907327)","0x003F76E4 (4159204)","0x00050533 (329011)","0x009ACD32 (  10145074)","0x009ACD32 (  10145074)"
263,"byg:weeping_witch_clearing","0x00C0D8FF (12638463)","0x0078A7FF (7907327)","0x003F76E4 (4159204)","0x00050533 (329011)","0x00527F57 (   5406551)","0x00648C36 (   6589494)"
264,"byg:pumpkin_forest","0x00C0D8FF (12638463)","0x0078A7FF (7907327)","0x003F76E4 (4159204)","0x00050533 (329011)","0x00527F57 (   5406551)","0x00648C36 (   6589494)"
265,"byg:bamboo_forest","0x00C0D8FF (12638463)","0x0078A7FF (7907327)","0x003F76E4 (4159204)","0x00050533 (329011)","0x00A7D86C (  10999916)","0x00A7D86C (  10999916)"
266,"byg:cherry_blossom_clearing","0x00C0D8FF (12638463)","0x0078A7FF (7907327)","0x003F76E4 (4159204)","0x00050533 (329011)","0x00A7D86C (  10999916)","0x00A7D86C (  10999916)"
267,"byg:coniferous_clearing","0x00C0D8FF (12638463)","0x0078A7FF (7907327)","0x003F76E4 (4159204)","0x00050533 (329011)","0x004C763C (   5011004)","0x00228B22 (   2263842)"
268,"byg:zelkova_clearing","0x00C0D8FF (12638463)","0x0078A7FF (7907327)","0x003F76E4 (4159204)","0x00050533 (329011)","0x0052A575 (   5416309)","0x0052A575 (   5416309)"
269,"byg:aspen_clearing","0x00C0D8FF (12638463)","0x0078A7FF (7907327)","0x003F76E4 (4159204)","0x00050533 (329011)","0x00B5BB6A (  11909994)","0x00527F57 (   5406551)"
270,"byg:boreal_clearing","0x00C0D8FF (12638463)","0x0078A7FF (7907327)","0x003F76E4 (4159204)","0x00050533 (329011)","0x004C763C (   5011004)","0x00648C36 (   6589494)"
271,"byg:deciduous_clearing","0x00C0D8FF (12638463)","0x0078A7FF (7907327)","0x003F76E4 (4159204)","0x00050533 (329011)","0x0083A551 (   8627537)","0x00648C36 (   6589494)"
272,"byg:seasonal_deciduous_clearing","0x00C0D8FF (12638463)","0x0078A7FF (7907327)","0x003F76E4 (4159204)","0x00050533 (329011)","0x00B27C3E (  11697214)","0x00BDBF41 (  12435265)"
273,"byg:guiana_clearing","0x00C0D8FF (12638463)","0x0078A7FF (7907327)","0x003F76E4 (4159204)","0x00050533 (329011)","0x005EBC0F (   6208527)","0x005EBC0F (   6208527)"
274,"byg:jacaranda_clearing","0x00C0D8FF (12638463)","0x0078A7FF (7907327)","0x003F76E4 (4159204)","0x00050533 (329011)","0x009ACD32 (  10145074)","0x00D861A3 (  14180771)"
275,"byg:snowy_coniferous_clearing","0x00C0D8FF (12638463)","0x0078A7FF (7907327)","0x003F76E4 (4159204)","0x00050533 (329011)","0x004C763C (   5011004)","0x00228B22 (   2263842)"
276,"byg:snowy_deciduous_clearing","0x00C0D8FF (12638463)","0x0078A7FF (7907327)","0x003F76E4 (4159204)","0x00050533 (329011)","0x00B79961 (  12032353)","0x00BA6462 (  12215394)"
277,"byg:maple_hills","0x00C0D8FF (12638463)","0x0078A7FF (7907327)","0x003F76E4 (4159204)","0x00050533 (329011)","0x00527F57 (   5406551)","0x00648C36 (   6589494)"
278,"byg:black_forest_clearing","0x00C0D8FF (12638463)","0x0078A7FF (7907327)","0x003F76E4 (4159204)","0x00050533 (329011)","0x004C763C (   5011004)","0x00228B22 (   2263842)"
279,"byg:black_forest_hills","0x00C0D8FF (12638463)","0x0078A7FF (7907327)","0x003F76E4 (4159204)","0x00050533 (329011)","0x004C763C (   5011004)","0x00228B22 (   2263842)"
280,"byg:forest_fault","0x00C0D8FF (12638463)","0x0078A7FF (7907327)","0x003F76E4 (4159204)","0x00050533 (329011)","0x004C763C (   5011004)","0x00228B22 (   2263842)"
281,"byg:flowering_grove","0x00C0D8FF (12638463)","0x0078A7FF (7907327)","0x003F76E4 (4159204)","0x00050533 (329011)","0x00AABF5F (  11190111)","0x00AABF5F (  11190111)"
282,"byg:flowering_enchanted_grove","0x00C0D8FF (12638463)","0x0078A7FF (7907327)","0x003F76E4 (4159204)","0x00050533 (329011)","0x0082A0CD (   8560845)","0x00B58ECC (  11898572)"
283,"byg:northern_forest","0x00C0D8FF (12638463)","0x0078A7FF (7907327)","0x003F76E4 (4159204)","0x00050533 (329011)","0x0099463D (  10044989)","0x0099463D (  10044989)"
284,"byg:lush_red_desert","0x00C0D8FF (12638463)","0x0078A7FF (7907327)","0x003F76E4 (4159204)","0x00050533 (329011)","0xFFBFB755 (  -4212907)","0xFFAEA42A (  -5331926)"
285,"byg:sierra_range","0x00C0D8FF (12638463)","0x0078A7FF (7907327)","0x003F76E4 (4159204)","0x00050533 (329011)","0x00A5A56A (  10855786)","0x00A5A56A (  10855786)"
286,"byg:alpine_foothills","0x00C0D8FF (12638463)","0x0078A7FF (7907327)","0x003F76E4 (4159204)","0x00050533 (329011)","0xFF80B497 (  -8342377)","0xFF60A17B ( -10444421)"
287,"byg:aspen_forest_hills","0x00C0D8FF (12638463)","0x0078A7FF (7907327)","0x003F76E4 (4159204)","0x00050533 (329011)","0x00B5BB6A (  11909994)","0x00527F57 (   5406551)"
288,"byg:blue_taiga_hills","0x00C0D8FF (12638463)","0x0078A7FF (7907327)","0x003F76E4 (4159204)","0x00050533 (329011)","0xFF86B783 (  -7948413)","0xFF68A464 (  -9919388)"
289,"byg:blue_giant_taiga","0x00C0D8FF (12638463)","0x0078A7FF (7907327)","0x003F76E4 (4159204)","0x00050533 (329011)","0xFF86B783 (  -7948413)","0xFF68A464 (  -9919388)"
290,"byg:bluff_peaks","0x00C0D8FF (12638463)","0x0078A7FF (7907327)","0x003F76E4 (4159204)","0x00050533 (329011)","0xFF8AB685 (  -7686523)","0xFF6DA366 (  -9591962)"
291,"byg:boreal_forest_hills","0x00C0D8FF (12638463)","0x0078A7FF (7907327)","0x003F76E4 (4159204)","0x00050533 (329011)","0x004C763C (   5011004)","0x00648C36 (   6589494)"
292,"byg:bog","0x00C0D8FF (12638463)","0x0078A7FF (7907327)","0x008C6B4D (9202509)","0x008C6B4D (9202509)","0x00706440 (   7365696)","0x00706440 (   7365696)"
293,"byg:deciduous_forest_hills","0x00C0D8FF (12638463)","0x0078A7FF (7907327)","0x003F76E4 (4159204)","0x00050533 (329011)","0x0083A551 (   8627537)","0x00648C36 (   6589494)"
294,"byg:coniferous_forest_hills","0x00C0D8FF (12638463)","0x0078A7FF (7907327)","0x003F76E4 (4159204)","0x00050533 (329011)","0x004C763C (   5011004)","0x00228B22 (   2263842)"
295,"byg:fresh_water_lake","0x00C0D8FF (12638463)","0x0078A7FF (7907327)","0x003F76E4 (4159204)","0x00050533 (329011)","0xFF72C250 (  -9256368)","0xFF4EB224 ( -11619804)"
296,"byg:frozen_lake","0x00C0D8FF (12638463)","0x0078A7FF (7907327)","0x003F76E4 (4159204)","0x00050533 (329011)","0xFF80B497 (  -8342377)","0xFF60A17B ( -10444421)"
297,"byg:great_lake_isles","0x00C0D8FF (12638463)","0x0078A7FF (7907327)","0x003F76E4 (4159204)","0x00050533 (329011)","0x00A2B360 (  10662752)","0xFF8BA835 (  -7624651)"
298,"byg:jacaranda_forest_hills","0x00C0D8FF (12638463)","0x0078A7FF (7907327)","0x003F76E4 (4159204)","0x00050533 (329011)","0x009ACD32 (  10145074)","0x00D861A3 (  14180771)"
299,"byg:marshlands","0x00C0D8FF (12638463)","0x0078A7FF (7907327)","0x00617B64 (6388580)","0x00232317 (2302743)","0x0060B250 (   6337104)","0x0060B250 (   6337104)"
300,"byg:oasis","0x00C0D8FF (12638463)","0x0078A7FF (7907327)","0x003F76E4 (4159204)","0x00050533 (329011)","0xFF72C250 (  -9256368)","0xFF4EB224 ( -11619804)"
301,"byg:polluted_lake","0x00C0D8FF (12638463)","0x0078A7FF (7907327)","0x008C6B4D (9202509)","0x008C6B4D (9202509)","0x008C6B4D (   9202509)","0x008C6B4D (   9202509)"
302,"byg:prairie_clearing","0x00C0D8FF (12638463)","0x0078A7FF (7907327)","0x003F76E4 (4159204)","0x00050533 (329011)","0x0098A521 (  10003745)","0x0098A521 (  10003745)"
303,"byg:red_oak_forest_hills","0x00C0D8FF (12638463)","0x0078A7FF (7907327)","0x003F76E4 (4159204)","0x00050533 (329011)","0xFF6AC44E (  -9780146)","0xFF45B421 ( -12209119)"
304,"byg:red_rock_lowlands","0x00C0D8FF (12638463)","0x0078A7FF (7907327)","0x003F76E4 (4159204)","0x00050533 (329011)","0x00A5A56A (  10855786)","0x00A5A56A (  10855786)"
305,"byg:red_rock_highlands","0x00C0D8FF (12638463)","0x0078A7FF (7907327)","0x003F76E4 (4159204)","0x00050533 (329011)","0x00A5A56A (  10855786)","0x00A5A56A (  10855786)"
306,"byg:wooded_red_rock_mountains","0x00C0D8FF (12638463)","0x0078A7FF (7907327)","0x003F76E4 (4159204)","0x00050533 (329011)","0x00A5A56A (  10855786)","0x00A5A56A (  10855786)"
307,"byg:seasonal_birch_forest_hills","0x00C0D8FF (12638463)","0x0078A7FF (7907327)","0x003F76E4 (4159204)","0x00050533 (329011)","0x00B27C3E (  11697214)","0x00B27C3E (  11697214)"
308,"byg:seasonal_deciduous_forest_hills","0x00C0D8FF (12638463)","0x0078A7FF (7907327)","0x003F76E4 (4159204)","0x00050533 (329011)","0x00B27C3E (  11697214)","0x00BDBF41 (  12435265)"
309,"byg:seasonal_forest_hills","0x00C0D8FF (12638463)","0x0078A7FF (7907327)","0x003F76E4 (4159204)","0x00050533 (329011)","0x00BDBF41 (  12435265)","0x00BDBF41 (  12435265)"
310,"byg:seasonal_giant_taiga","0x00C0D8FF (12638463)","0x0078A7FF (7907327)","0x003F76E4 (4159204)","0x00050533 (329011)","0x00AFAF59 (  11513689)","0x00BDBF41 (  12435265)"
311,"byg:seasonal_taiga_hills","0x00C0D8FF (12638463)","0x0078A7FF (7907327)","0x003F76E4 (4159204)","0x00050533 (329011)","0x00AFAF59 (  11513689)","0x00BDBF41 (  12435265)"
312,"byg:snowy_blue_giant_taiga","0x00C0D8FF (12638463)","0x0078A7FF (7907327)","0x003F76E4 (4159204)","0x00050533 (329011)","0xFF80B497 (  -8342377)","0xFF60A17B ( -10444421)"
313,"byg:snowy_blue_taiga_hills","0x00C0D8FF (12638463)","0x0078A7FF (7907327)","0x003F76E4 (4159204)","0x00050533 (329011)","0xFF80B497 (  -8342377)","0xFF60A17B ( -10444421)"
314,"byg:snowy_coniferous_forest_hills","0x00C0D8FF (12638463)","0x0078A7FF (7907327)","0x003F76E4 (4159204)","0x00050533 (329011)","0x004C763C (   5011004)","0x00228B22 (   2263842)"
315,"byg:snowy_deciduous_forest_hills","0x00C0D8FF (12638463)","0x0078A7FF (7907327)","0x003F76E4 (4159204)","0x00050533 (329011)","0x00B79961 (  12032353)","0x00BA6462 (  12215394)"
316,"byg:tropical_fungal_rainforest_hills","0x00C0D8FF (12638463)","0x0078A7FF (7907327)","0x003F76E4 (4159204)","0x00050533 (329011)","0x009ACD32 (  10145074)","0x009ACD32 (  10145074)"
317,"byg:tropical_rainforest_hills","0x00C0D8FF (12638463)","0x0078A7FF (7907327)","0x003F76E4 (4159204)","0x00050533 (329011)","0x009ACD32 (  10145074)","0x009ACD32 (  10145074)"
318,"byg:wooded_grassland_plateau","0x00C0D8FF (12638463)","0x0078A7FF (7907327)","0x003F76E4 (4159204)","0x00050533 (329011)","0xFF92BB62 (  -7160990)","0xFF78A93A (  -8869574)"
319,"byg:zelkova_forest_hills","0x00C0D8FF (12638463)","0x0078A7FF (7907327)","0x003F76E4 (4159204)","0x00050533 (329011)","0x0052A575 (   5416309)","0x0052A575 (   5416309)"
320,"byg:flowering_meadow","0x00C0D8FF (12638463)","0x0078A7FF (7907327)","0x003F76E4 (4159204)","0x00050533 (329011)","0x00527F57 (   5406551)","0x00648C36 (   6589494)"
321,"byg:wooded_meadow","0x00C0D8FF (12638463)","0x0078A7FF (7907327)","0x003F76E4 (4159204)","0x00050533 (329011)","0x00527F57 (   5406551)","0x00648C36 (   6589494)"
322,"byg:rocky_beach","0x00C0D8FF (12638463)","0x0078A7FF (7907327)","0x003F76E4 (4159204)","0x00050533 (329011)","0xFF8BB685 (  -7620987)","0xFF6DA366 (  -9591962)"
323,"byg:snowy_rocky_black_beach","0x00C0D8FF (12638463)","0x0078A7FF (7907327)","0x003F76E4 (4159204)","0x00050533 (329011)","0xFF80B497 (  -8342377)","0xFF60A17B ( -10444421)"
324,"byg:snowy_black_beach","0x00C0D8FF (12638463)","0x0078A7FF (7907327)","0x003F76E4 (4159204)","0x00050533 (329011)","0xFF80B497 (  -8342377)","0xFF60A17B ( -10444421)"
325,"byg:white_beach","0x00C0D8FF (12638463)","0x0078A7FF (7907327)","0x003F76E4 (4159204)","0x00050533 (329011)","0xFF8BB685 (  -7620987)","0xFF6DA366 (  -9591962)"
326,"byg:rainbow_beach","0x00C0D8FF (12638463)","0x0078A7FF (7907327)","0x0045ADF2 (4566514)","0x00041633 (267827)","0xFF72C34B (  -9256117)","0xFF4FB31E ( -11554018)"
327,"byg:tropical_islands","0x00C0D8FF (12638463)","0x0078A7FF (7907327)","0x0045ADF2 (4566514)","0x00041633 (267827)","0xFF59C93C ( -10892996)","0xFF30BB0B ( -13583605)"
328,"byg:warped_desert","0x00050519 (328985)","0x006EB1FF (7254527)","0x003F76E4 (4159204)","0x00050533 (329011)","0xFF91BD59 (  -7226023)","0xFF77AB2F (  -8934609)"
329,"byg:sythian_torrids","0x00FCE082 (16572546)","0x006EB1FF (7254527)","0x003F76E4 (4159204)","0x00050533 (329011)","0x00B2991A (  11704602)","0x00B2991A (  11704602)"
330,"byg:glowstone_gardens","0x001F7F5C (2064220)","0x006EB1FF (7254527)","0x003F76E4 (4159204)","0x00050533 (329011)","0x0014B485 (   1356933)","0x0014B485 (   1356933)"
331,"byg:embur_bog","0x00E6916E (15110510)","0x006EB1FF (7254527)","0x003F76E4 (4159204)","0x00050533 (329011)","0xFF91BD59 (  -7226023)","0xFF77AB2F (  -8934609)"
332,"byg:ivis_fields","0x007F3F6B (8339307)","0x00000000 (0)","0x003F76E4 (4159204)","0x00050533 (329011)","0xFF72C250 (  -9256368)","0xFF4EB224 ( -11619804)"
333,"byg:araucaria_savanna","0x00C0D8FF (12638463)","0x0078A7FF (7907327)","0x003F76E4 (4159204)","0x00050533 (329011)","0x00A5B755 (  10860373)","0x00A5B755 (  10860373)"
334,"byg:rose_fields","0x00C0D8FF (12638463)","0x0078A7FF (7907327)","0x003F76E4 (4159204)","0x00050533 (329011)","0x007D9B64 (   8231780)","0x007D9B64 (   8231780)"
335,"byg:stone_forest","0x00C0D8FF (12638463)","0x0078A7FF (7907327)","0x003F76E4 (4159204)","0x00050533 (329011)","0x009ACD32 (  10145074)","0x009ACD32 (  10145074)"
336,"byg:twilight_valley","0x00C0D8FF (12638463)","0x0078A7FF (7907327)","0x003F76E4 (4159204)","0x00050533 (329011)","0x0090814D (   9470285)","0x0090814D (   9470285)"
337,"byg:basalt_barrera","0x00C0D8FF (12638463)","0x0078A7FF (7907327)","0x003F76E4 (4159204)","0x00050533 (329011)","0xFF72C34B (  -9256117)","0xFF4FB31E ( -11554018)"
338,"byg:canyon_edge","0x00C0D8FF (12638463)","0x0078A7FF (7907327)","0x003F76E4 (4159204)","0x00050533 (329011)","0xFF53CA37 ( -11285961)","0xFF29BC05 ( -14042107)"
339,"byg:araucaria_forest","0x00C0D8FF (12638463)","0x0078A7FF (7907327)","0x003F76E4 (4159204)","0x00050533 (329011)","0x00A5B755 (  10860373)","0x00A5B755 (  10860373)"
340,"byg:pointed_stone_forest","0x00C0D8FF (12638463)","0x0078A7FF (7907327)","0x003F76E4 (4159204)","0x00050533 (329011)","0x009ACD32 (  10145074)","0x009ACD32 (  10145074)"
341,"byg:twilight_valley_hills","0x00C0D8FF (12638463)","0x0078A7FF (7907327)","0x003F76E4 (4159204)","0x00050533 (329011)","0x0090814D (   9470285)","0x0090814D (   9470285)"
342,"byg:red_spruce_taiga","0x00C0D8FF (12638463)","0x0078A7FF (7907327)","0x003F76E4 (4159204)","0x00050533 (329011)","0xFF91BD59 (  -7226023)","0xFF77AB2F (  -8934609)"
343,"byg:brimstone_caverns","0x00484C1E (4738078)","0x006EB1FF (7254527)","0x003F76E4 (4159204)","0x00050533 (329011)","0xFF91BD59 (  -7226023)","0xFF77AB2F (  -8934609)"
344,"byg:crimson_gardens","0x00330303 (3343107)","0x006EB1FF (7254527)","0x003F76E4 (4159204)","0x00050533 (329011)","0x00AC2020 (  11280416)","0x00AC2020 (  11280416)"
345,"byg:magma_wastes","0x00492824 (4794404)","0x006EB1FF (7254527)","0x003F76E4 (4159204)","0x00050533 (329011)","0xFF91BD59 (  -7226023)","0xFF77AB2F (  -8934609)"
346,"byg:subzero_hypogeal","0x001D707F (1929343)","0x006EB1FF (7254527)","0x003F76E4 (4159204)","0x00050533 (329011)","0xFF91BD59 (  -7226023)","0xFF77AB2F (  -8934609)"
347,"byg:wailing_garth","0x00451E82 (4529794)","0x006EB1FF (7254527)","0x003F76E4 (4159204)","0x00050533 (329011)","0x005942BF (   5849791)","0x005942BF (   5849791)"
348,"byg:withering_woods","0x00492824 (4794404)","0x006EB1FF (7254527)","0x003F76E4 (4159204)","0x00050533 (329011)","0x00404040 (   4210752)","0x00404040 (   4210752)"
349,"byg:weeping_mire","0x00512639 (5318201)","0x006EB1FF (7254527)","0x003F76E4 (4159204)","0x00050533 (329011)","0x00A54871 (  10831985)","0x00A54871 (  10831985)"
350,"byg:quartz_desert","0x00998A75 (10062453)","0x006EB1FF (7254527)","0x003F76E4 (4159204)","0x00050533 (329011)","0xFF91BD59 (  -7226023)","0xFF77AB2F (  -8934609)"
351,"byg:nightshade_forest","0x00A080A0 (10518688)","0x00000000 (0)","0x003F76E4 (4159204)","0x00050533 (329011)","0xFF91BD59 (  -7226023)","0xFF77AB2F (  -8934609)"
352,"byg:ethereal_islands","0x007F3F6B (8339307)","0x00000000 (0)","0x003B9877 (3905655)","0x003B9877 (3905655)","0xFF91BD59 (  -7226023)","0xFF77AB2F (  -8934609)"
353,"byg:viscal_isles","0x007F3F6B (8339307)","0x00000000 (0)","0x009932CC (10040012)","0x009932CC (10040012)","0xFF91BD59 (  -7226023)","0xFF77AB2F (  -8934609)"
354,"byg:bulbis_gardens","0x007F3F6B (8339307)","0x00000000 (0)","0x009932CC (10040012)","0x009932CC (10040012)","0xFF72C250 (  -9256368)","0xFF4EB224 ( -11619804)"
355,"byg:shattered_desert","0x007F3F6B (8339307)","0x00000000 (0)","0x003F76E4 (4159204)","0x00050533 (329011)","0xFF72C250 (  -9256368)","0xFF4EB224 ( -11619804)"
356,"byg:shulkren_forest","0x00A080A0 (10518688)","0x00000000 (0)","0x00159957 (1415511)","0x001E995B (2005339)","0xFF91BD59 (  -7226023)","0xFF77AB2F (  -8934609)"
357,"byg:purpur_peaks","0x007F3F6B (8339307)","0x00000000 (0)","0x003F76E4 (4159204)","0x00050533 (329011)","0xFF72C250 (  -9256368)","0xFF4EB224 ( -11619804)"
358,"byg:cryptic_wastes","0x007F3F6B (8339307)","0x00000000 (0)","0x003F76E4 (4159204)","0x00050533 (329011)","0xFF91BD59 (  -7226023)","0xFF77AB2F (  -8934609)"
359,"byg:canyons","0x00C0D8FF (12638463)","0x0078A7FF (7907327)","0x003F76E4 (4159204)","0x00050533 (329011)","0xFF53CA37 ( -11285961)","0xFF29BC05 ( -14042107)"
360,"byg:shattered_viscal_isles","0x007F3F6B (8339307)","0x00000000 (0)","0x009932CC (10040012)","0x009932CC (10040012)","0xFF91BD59 (  -7226023)","0xFF77AB2F (  -8934609)"
361,"byg:bulbis_gardens_edge","0x007F3F6B (8339307)","0x00000000 (0)","0x009932CC (10040012)","0x009932CC (10040012)","0xFF72C250 (  -9256368)","0xFF4EB224 ( -11619804)"
362,"byg:ethereal_forest","0x007F3F6B (8339307)","0x00000000 (0)","0x003B9877 (3905655)","0x003B9877 (3905655)","0xFF91BD59 (  -7226023)","0xFF77AB2F (  -8934609)"
363,"byg:ethereal_clearing","0x007F3F6B (8339307)","0x00000000 (0)","0x003B9877 (3905655)","0x003B9877 (3905655)","0xFF91BD59 (  -7226023)","0xFF77AB2F (  -8934609)"
364,"byg:shattered_desert_isles","0x007F3F6B (8339307)","0x00000000 (0)","0x009932CC (10040012)","0x009932CC (10040012)","0xFF91BD59 (  -7226023)","0xFF77AB2F (  -8934609)"
365,"byg:imparius_grove","0x00A080A0 (10518688)","0x00000000 (0)","0x0038CCAC (3722412)","0x0038CCAC (3722412)","0xFF91BD59 (  -7226023)","0xFF77AB2F (  -8934609)"
366,"byg:imparius_clearing","0x00A080A0 (10518688)","0x00000000 (0)","0x0038CCAC (3722412)","0x0038CCAC (3722412)","0xFF91BD59 (  -7226023)","0xFF77AB2F (  -8934609)"
367,"byg:skyris_highlands_clearing","0x00C0D8FF (12638463)","0x0078A7FF (7907327)","0x003F76E4 (4159204)","0x00050533 (329011)","0x0061CC8C (   6409356)","0x006CE26E (   7135854)"
368,"byg:skyris_peaks","0x00C0D8FF (12638463)","0x0078A7FF (7907327)","0x003F76E4 (4159204)","0x00050533 (329011)","0x0061CC8C (   6409356)","0x006CE26E (   7135854)"
369,"byg:skyris_steeps","0x00C0D8FF (12638463)","0x0078A7FF (7907327)","0x003F76E4 (4159204)","0x00050533 (329011)","0x0061CC8C (   6409356)","0x006CE26E (   7135854)"
370,"byg:guiana_springs","0x00C0D8FF (12638463)","0x0078A7FF (7907327)","0x003F76E4 (4159204)","0x00050533 (329011)","0x005EBC0F (   6208527)","0x005EBC0F (   6208527)"
371,"byg:dummy","0x00C0D8FF (12638463)","0x0078A7FF (7907327)","0x003F76E4 (4159204)","0x00050533 (329011)","0xFF92BB62 (  -7160990)","0xFF78A93A (  -8869574)"
372,"the_afterlight:shadow_mire","0xFF000000 (-16777216)","0xFF000000 (-16777216)","0xFF0099CC (-16737844)","0xFF0066CC (-16750900)","0xFF006633 ( -16751053)","0xFF006666 ( -16751002)"
373,"the_afterlight:shadow_forest","0xFF000000 (-16777216)","0xFF000000 (-16777216)","0xFF009999 (-16737895)","0xFF006699 (-16750951)","0xFF006633 ( -16751053)","0xFF006666 ( -16751002)"
374,"the_afterlight:moonlight_swamp","0xFF000000 (-16777216)","0xFF000000 (-16777216)","0xFF08788F (-16222065)","0xFF006699 (-16750951)","0xFF006633 ( -16751053)","0xFF000033 ( -16777165)"
375,"the_afterlight:moonlight_lowlands","0xFF000000 (-16777216)","0xFF000000 (-16777216)","0xFF0099B1 (-16737871)","0xFF006699 (-16750951)","0xFF003333 ( -16764109)","0xFF006666 ( -16751002)"
376,"the_afterlight:moonlight_highlands","0xFF000000 (-16777216)","0xFF000000 (-16777216)","0xFF087A7E (-16221570)","0xFF0099CC (-16737844)","0xFF006666 ( -16751002)","0xFF009966 ( -16737946)"
377,"the_afterlight:moonlight_forest","0xFF000000 (-16777216)","0xFF000000 (-16777216)","0xFF008999 (-16741991)","0xFF006699 (-16750951)","0xFF000033 ( -16777165)","0xFF006666 ( -16751002)"
378,"terraforged:bryce","0x00C0D8FF (12638463)","0x006EB1FF (7254527)","0x003F76E4 (4159204)","0x00050533 (329011)","0x0090814D (   9470285)","0x009E814D (  10387789)"
379,"terraforged:cold_steppe","0x00C0D8FF (12638463)","0x007DA3FF (8233983)","0x003F76E4 (4159204)","0x00050533 (329011)","0xFF8CB589 (  -7555703)","0xFF70A26C (  -9395604)"
380,"terraforged:cold_marshland","0x00C0D8FF (12638463)","0x00839EFF (8625919)","0x003D57D6 (4020182)","0x00050533 (329011)","0xFF88B688 (  -7817592)","0xFF6BA36A (  -9723030)"
381,"terraforged:fir_forest","0x00C0D8FF (12638463)","0x007DA3FF (8233983)","0x003F76E4 (4159204)","0x00050533 (329011)","0xFF86B783 (  -7948413)","0xFF68A464 (  -9919388)"
382,"terraforged:flower_plains","0x00C0D8FF (12638463)","0x0079A6FF (7972607)","0x003F76E4 (4159204)","0x00050533 (329011)","0xFF79C05A (  -8798118)","0xFF59AE30 ( -10899920)"
383,"terraforged:frozen_lake","0x00C0D8FF (12638463)","0x007FA1FF (8364543)","0x003938C9 (3750089)","0x00050533 (329011)","0xFF80B497 (  -8342377)","0xFF60A17B ( -10444421)"
384,"terraforged:frozen_marsh","0x00C0D8FF (12638463)","0x00839EFF (8625919)","0x003D57D6 (4020182)","0x00050533 (329011)","0xFF89B58C (  -7752308)","0xFF6BA26F (  -9723281)"
385,"terraforged:lake","0x00C0D8FF (12638463)","0x007BA4FF (8103167)","0x003F76E4 (4159204)","0x00050533 (329011)","0xFF8EB971 (  -7423631)","0xFF71A74D (  -9328819)"
386,"terraforged:marshland","0x00C0D8FF (12638463)","0x0078A7FF (7907327)","0x00617B64 (6388580)","0x00232317 (2302743)","0x006A7039 (   6975545)","0x006A7039 (   6975545)"
387,"terraforged:savanna_scrub","0x00C0D8FF (12638463)","0x0075AAFF (7711487)","0x003F76E4 (4159204)","0x00050533 (329011)","0xFFBFB755 (  -4212907)","0xFFAEA42A (  -5331926)"
388,"terraforged:shattered_savanna_scrub","0x00C0D8FF (12638463)","0x0076A9FF (7776767)","0x003F76E4 (4159204)","0x00050533 (329011)","0xFFBFB755 (  -4212907)","0xFFAEA42A (  -5331926)"
389,"terraforged:snowy_fir_forest","0x00C0D8FF (12638463)","0x00839EFF (8625919)","0x003D57D6 (4020182)","0x00050533 (329011)","0xFF89B58C (  -7752308)","0xFF6BA26F (  -9723281)"
390,"terraforged:snowy_taiga_scrub","0x00C0D8FF (12638463)","0x00839EFF (8625919)","0x003D57D6 (4020182)","0x00050533 (329011)","0xFF89B58C (  -7752308)","0xFF6BA26F (  -9723281)"
391,"terraforged:steppe","0x00C0D8FF (12638463)","0x0075AAFF (7711487)","0x003F76E4 (4159204)","0x00050533 (329011)","0xFFB9B953 (  -4605613)","0xFFA7A529 (  -5790423)"
392,"terraforged:stone_forest","0x00C0D8FF (12638463)","0x0077A8FF (7842047)","0x003F76E4 (4159204)","0x00050533 (329011)","0xFF59C93C ( -10892996)","0xFF30BB0B ( -13583605)"
393,"terraforged:taiga_scrub","0x00C0D8FF (12638463)","0x007DA3FF (8233983)","0x003F76E4 (4159204)","0x00050533 (329011)","0xFF86B783 (  -7948413)","0xFF68A464 (  -9919388)"
394,"terraforged:warm_beach","0x00C0D8FF (12638463)","0x007BA4FF (8103167)","0x0043D5EE (4445678)","0x00041F33 (270131)","0xFF82C245 (  -8207803)","0xFF64B216 ( -10178026)"
395,"ars_nouveau:archwood_forest","0x00C0CEFF (12635903)","0x0079BEFF (7978751)","0x0079BEFF (7978751)","0x00050533 (329011)","0x001EFFCF (   2031567)","0x0021BA85 (   2210437)"
396,"environmental:marsh","0x00C0D8FF (12638463)","0x0079A6FF (7972607)","0x005D9A7E (6134398)","0x00232317 (2302743)","0x005F9341 (   6263617)","0x006A7039 (   6975545)"
397,"environmental:mushroom_marsh","0x00C0D8FF (12638463)","0x0079A6FF (7972607)","0x005D9A7E (6134398)","0x00232317 (2302743)","0x005F9341 (   6263617)","0x006A7039 (   6975545)"
398,"environmental:blossom_woods","0x00C0D8FF (12638463)","0x0079A6FF (7972607)","0x004F97B6 (5216182)","0x00051E33 (335411)","0xFF76C154 (  -8994476)","0xFF54B12A ( -11226838)"
399,"environmental:blossom_hills","0x00C0D8FF (12638463)","0x0079A6FF (7972607)","0x004F97B6 (5216182)","0x00051E33 (335411)","0xFF76C154 (  -8994476)","0xFF54B12A ( -11226838)"
400,"environmental:blossom_highlands","0x00C0D8FF (12638463)","0x0079A6FF (7972607)","0x004F97B6 (5216182)","0x00051E33 (335411)","0xFF76C154 (  -8994476)","0xFF54B12A ( -11226838)"
401,"environmental:blossom_valleys","0x00C0D8FF (12638463)","0x0079A6FF (7972607)","0x004F97B6 (5216182)","0x00051E33 (335411)","0xFF76C154 (  -8994476)","0xFF54B12A ( -11226838)"
402,"endergetic:poise_forest","0x00A080A0 (10518688)","0x00000000 (0)","0x003F76E4 (4159204)","0x00050533 (329011)","0xFF8EB971 (  -7423631)","0xFF71A74D (  -9328819)"
403,"autumnity:maple_forest","0x00C0D8FF (12638463)","0x0079A6FF (7972607)","0x003F76E4 (4159204)","0x00050533 (329011)","0x009AB839 (  10139705)","0x009FC944 (  10471748)"
404,"autumnity:maple_forest_hills","0x00C0D8FF (12638463)","0x0079A6FF (7972607)","0x003F76E4 (4159204)","0x00050533 (329011)","0x009AB839 (  10139705)","0x009FC944 (  10471748)"
405,"autumnity:pumpkin_fields","0x00C0D8FF (12638463)","0x0078A7FF (7907327)","0x003F76E4 (4159204)","0x00050533 (329011)","0x009AB839 (  10139705)","0x009FC944 (  10471748)"
406,"autumnity:yellow_spotted_forest","0x00C0D8FF (12638463)","0x0079A6FF (7972607)","0x003F76E4 (4159204)","0x00050533 (329011)","0xFF79C05A (  -8798118)","0xFF59AE30 ( -10899920)"
407,"autumnity:orange_spotted_dark_forest","0x00C0D8FF (12638463)","0x0079A6FF (7972607)","0x003F76E4 (4159204)","0x00050533 (329011)","0x00507A32 (   5274162)","0xFF59AE30 ( -10899920)"
408,"autumnity:red_spotted_taiga","0x00C0D8FF (12638463)","0x007DA3FF (8233983)","0x003F76E4 (4159204)","0x00050533 (329011)","0xFF86B783 (  -7948413)","0xFF68A464 (  -9919388)"
409,"traverse:snowy_coniferous_forest","0x00C0D8FF (12638463)","0x007DA2FF (8233727)","0x003F76E4 (4159204)","0x00050533 (329011)","0x00338251 (   3375697)","0x00338251 (   3375697)"
410,"traverse:autumnal_woods","0x00C0D8FF (12638463)","0x007DA2FF (8233727)","0x003F76E4 (4159204)","0x00050533 (329011)","0x00D6C23D (  14074429)","0x00D2D31F (  13816607)"
411,"traverse:coniferous_forest","0x00C0D8FF (12638463)","0x007DA2FF (8233727)","0x003F76E4 (4159204)","0x00050533 (329011)","0x00338235 (   3375669)","0x00338235 (   3375669)"
412,"traverse:wooded_plateau","0x00C0D8FF (12638463)","0x007DA2FF (8233727)","0x003F76E4 (4159204)","0x00050533 (329011)","0xFFA2BA5D (  -6112675)","0xFF8BA835 (  -7624651)"
413,"traverse:woodlands","0x00C0D8FF (12638463)","0x007DA2FF (8233727)","0x003F76E4 (4159204)","0x00050533 (329011)","0x0099A955 (  10070357)","0x00849E4A (   8691274)"
414,"traverse:desert_shrubland","0x00C0D8FF (12638463)","0x007DA2FF (8233727)","0x003F76E4 (4159204)","0x00050533 (329011)","0xFFBFB755 (  -4212907)","0xFFAEA42A (  -5331926)"
415,"traverse:snowy_coniferous_wooded_hills","0x00C0D8FF (12638463)","0x007DA2FF (8233727)","0x003F76E4 (4159204)","0x00050533 (329011)","0x00338251 (   3375697)","0x00338251 (   3375697)"
416,"traverse:mini_jungle","0x00C0D8FF (12638463)","0x007DA2FF (8233727)","0x00003320 (13088)","0x00052721 (337697)","0xFF59C93C ( -10892996)","0xFF30BB0B ( -13583605)"
417,"traverse:coniferous_wooded_hills","0x00C0D8FF (12638463)","0x007DA2FF (8233727)","0x003F76E4 (4159204)","0x00050533 (329011)","0x00338235 (   3375669)","0x00338235 (   3375669)"
418,"traverse:autumnal_wooded_hills","0x00C0D8FF (12638463)","0x007DA2FF (8233727)","0x003F76E4 (4159204)","0x00050533 (329011)","0x00D6C23D (  14074429)","0x00D2D31F (  13816607)"
419,"traverse:rocky_edge","0x00C0D8FF (12638463)","0x007DA2FF (8233727)","0x003F76E4 (4159204)","0x00050533 (329011)","0xFFA2BA5D (  -6112675)","0xFF8BA835 (  -7624651)"
420,"traverse:snowy_high_coniferous_forest","0x00C0D8FF (12638463)","0x007DA2FF (8233727)","0x003F76E4 (4159204)","0x00050533 (329011)","0x00338251 (   3375697)","0x00338251 (   3375697)"
421,"traverse:wooded_island","0x00C0D8FF (12638463)","0x007DA2FF (8233727)","0x003F76E4 (4159204)","0x00050533 (329011)","0xFF72C250 (  -9256368)","0xFF4EB224 ( -11619804)"
422,"traverse:lush_swamp","0x00C0D8FF (12638463)","0x007DA2FF (8233727)","0x00617B64 (6388580)","0x00232317 (2302743)","0x007FE03E (   8380478)","0x0058EA33 (   5827123)"
423,"traverse:meadow","0x00C0D8FF (12638463)","0x007DA2FF (8233727)","0x003F76E4 (4159204)","0x00050533 (329011)","0x0065CC53 (   6671443)","0x005DD64A (   6149706)"
424,"traverse:cliffs","0x00C0D8FF (12638463)","0x007DA2FF (8233727)","0x003F76E4 (4159204)","0x00050533 (329011)","0xFF8DB681 (  -7489919)","0xFF70A360 (  -9395360)"
425,"traverse:high_coniferous_forest","0x00C0D8FF (12638463)","0x007DA2FF (8233727)","0x003F76E4 (4159204)","0x00050533 (329011)","0x00338235 (   3375669)","0x00338235 (   3375669)"
426,"traverse:snowy_cliffs","0x00C0D8FF (12638463)","0x007DA2FF (8233727)","0x003F76E4 (4159204)","0x00050533 (329011)","0xFF8AB687 (  -7686521)","0xFF6DA368 (  -9591960)"
427,"traverse:arid_highlands","0x00C0D8FF (12638463)","0x007DA2FF (8233727)","0x003F76E4 (4159204)","0x00050533 (329011)","0x00BACD78 (  12242296)","0x0080A02E (   8429614)"
428,"traverse:plains_plateau","0x00C0D8FF (12638463)","0x007DA2FF (8233727)","0x003F76E4 (4159204)","0x00050533 (329011)","0xFFA2BA5D (  -6112675)","0xFF8BA835 (  -7624651)"
429,"traverse:rolling_hills","0x00C0D8FF (12638463)","0x007DA2FF (8233727)","0x003F76E4 (4159204)","0x00050533 (329011)","0x007FE03E (   8380478)","0x0058EA33 (   5827123)"
430,"abundance:lavender_fields","0x00C0D8FF (12638463)","0x0079A6FF (7972607)","0x003F76E4 (4159204)","0x00050533 (329011)","0xFF82BF54 (  -8208556)","0xFF63AE2A ( -10244566)"
431,"abundance:lavender_forest","0x00C0D8FF (12638463)","0x0079A6FF (7972607)","0x003F76E4 (4159204)","0x00050533 (329011)","0xFF82BF54 (  -8208556)","0xFF63AE2A ( -10244566)"
432,"abundance:nemophila_fields","0x00C0D8FF (12638463)","0x0079A6FF (7972607)","0x003F76E4 (4159204)","0x00050533 (329011)","0xFF7CBF5B (  -8601765)","0xFF5CAE32 ( -10703310)"
433,"ars_nouveau:blazing_archwood_forest","0x00C0CEFF (12635903)","0x0079BEFF (7978751)","0x0079BEFF (7978751)","0x00050533 (329011)","0x00FBF104 (  16511236)","0x0021BA85 (   2210437)"
434,"bloodmagic:none","0x00C0D8FF (12638463)","0x007BA4FF (8103167)","0x0043D5EE (4445678)","0x00041F33 (270131)","0xFF47CD33 ( -12071629)","0xFF1ABF00 ( -15024384)"
